SCaCodigo,SCaNombre,lat,long
"205109",LA MAGDALENA I,"-74.1600201274367","4.654177129721336"
"205227",OSORIO IX,"-74.17155644830709","4.6551533496356345"
"208128",TORCA II,"-74.02668776106535","4.810898955631969"
"105203",OSORIO II,"-74.16541253820242","4.655538360939325"
"201109",INGEMAR I,"-74.0548430901496","4.6391435328359165"
"201110",INGEMAR ORIENTAL I,"-74.05150237721945","4.644507838264358"
"201317",TIBAQUE III,"-74.0719564475791","4.5654705746882"
"201408",LA PERSEVERANCIA I,"-74.0622964029607","4.616693114413938"
"001340",TIHUAQUE,"-74.08287606530958","4.502039454452989"
"002305",LIBERTADOR,"-74.11419707044362","4.585943196177985"
"004501",HIPOTECHO,"-74.13214229768931","4.627579172635487"
"002550",DUITAMA,"-74.11398776302079","4.527364142074034"
"002533",SOTAVENTO,"-74.13915334308717","4.544368260674223"
"004565",TOCAREMA,"-74.1635181803827","4.612893900187586"
"004516",BOITA,"-74.15451328510774","4.6035811648961955"
"009224",NUEVA TIBABUYES,"-74.10611435998453","4.734224499323681"
"009103",CANTAGALLO,"-74.05346952033244","4.742212728149706"
"005616",LOS CEREZOS,"-74.09769188491293","4.709139547510646"
"104129",EL MOCHUELO II,"-74.13906718549372","4.519090700173032"
"006534",EL TINTAL IV,"-74.14298277020363","4.656052635877059"
"009209",VILLA MARIA,"-74.10238617115296","4.739020815233106"
"006208",ORTEZAL,"-74.09697491348832","4.630606162576078"
"004413",AUTOPISTA MUZU ORIENTAL,"-74.11816902730098","4.59642315671749"
"004540",CATALINA II,"-74.17045858776896","4.606117427638587"
"003110",LA CATEDRAL,"-74.07355500398765","4.599570046773859"
"002626",BOLONIA I,"-74.09850486714086","4.516037526366152"
"004205",PRIMAVERA OCCIDENTAL,"-74.10885003199388","4.614785759993348"
"002585",EL MOCHUELO URBANO,"-74.15293764269566","4.5341121624666325"
"202511",PUERTA AL LLANO RURAL,"-74.10795817063101","4.490339350442912"
"102601",CENTRO USME RURAL,"-74.13055901016854","4.468323457080161"
"002577",DANUBIO II,"-74.11140637764647","4.5389669402666835"
"004103",VOTO NACIONAL,"-74.08374064745317","4.603330154695048"
"002602",FISCALA ALTA,"-74.10168258858283","4.526358950620905"
"002599",CENTRO USME URBANO,"-74.12501882060452","4.473803654673019"
"008306",PORCIUNCULA,"-74.05777242076266","4.659372979146421"
"002619",VILLA ANITA,"-74.11874079883955","4.489274847578581"
"004630",PARCELA EL PORVENIR,"-74.1865707508806","4.639666803482285"
"009215",CASABLANCA SUBA,"-74.06912041879887","4.752489475997648"
"002604",LOS OLIVARES,"-74.10512079208956","4.515278003244552"
"002642",EL PORTAL URBANO,"-74.10066535181106","4.494308797638969"
"002535",PALERMO SUR,"-74.1093551550108","4.54166208356245"
"002302",SANTANDER SUR,"-74.11258384860135","4.590837457095822"
"002104",RESTREPO OCCIDENTAL,"-74.10419847280764","4.589455245260388"
"002107",LA FRAGUA,"-74.10677876671602","4.595166005466217"
"004107",SANTA ISABEL SUR,"-74.10245868858223","4.597496405149586"
"002106",SENA,"-74.11064237934217","4.596573079475726"
"002103",RESTREPO,"-74.10051655527491","4.585236874068285"
"001316",MORALBA,"-74.07970180472863","4.544763120391791"
"002414",ISMAEL PERDOMO,"-74.16964810257281","4.582133346121135"
"109112",CAPITOLIO,"-74.3449142671989","4.03555866303363"
"008220",SIBERIA CENTRAL,"-74.05881413571618","4.633044738113727"
"004521",LA ESTACION BOSA,"-74.18716884139948","4.59908033116023"
"008415",SANTA BARBARA CENTRAL,"-74.03791582349704","4.699766043161077"
"002594",VILLA ISRAEL,"-74.11444802963123","4.489521336619141"
"005660",SAN ANTONIO URBANO,"-74.1316840220195","4.702516398434408"
"005505",BOSQUE POPULAR,"-74.09596101967558","4.670149053542429"
"004545",CATALINA,"-74.16824000264975","4.610397655860916"
"002598",EL MOCHUELO II URBANO,"-74.13010208450157","4.525412034083836"
"102502",EL UVAL RURAL,"-74.10011263134707","4.471590372433423"
"004524",SAN PABLO BOSA,"-74.18983392723551","4.604624795070673"
"001344",LOS SOCHES,"-74.08868851878393","4.49981419255637"
"002630",EL PORTAL DEL DIVINO,"-74.09779054217888","4.486214613576045"
"001415",MARCO FIDEL SUAREZ I,"-74.12222909951412","4.566777707638066"
"004553",ANDALUCIA II,"-74.17894412702553","4.601684164811553"
"004622",BRASIL,"-74.18217631283326","4.631973245173621"
"006523",SAN PEDRO DE LOS ROBLES,"-74.147287461204","4.666995764240377"
"001350",YOMASA,"-74.09255903764374","4.521040733078855"
"102115",LA UNION,"-74.17725452401875","4.311808188924823"
"008532",EL REDIL,"-74.0244899754946","4.752642276277646"
"001101",LAS BRISAS,"-74.08162663668294","4.583220394409503"
"104110",QUIBA BAJO,"-74.17111670045064","4.527829808427173"
"004641",LA INDEPENDENCIA,"-74.19617692705879","4.6206674746982825"
"005655",GARCES NAVAS SUR,"-74.12348091893575","4.713732099367048"
"005632",BOCHICA,"-74.10668898309942","4.711335596037207"
"002412",VERONA,"-74.15666376695953","4.5774535526707885"
"002519",DANUBIO,"-74.11582520270512","4.539261550234199"
"103107",LAS PALMAS,"-74.16103791833542","4.144744914602721"
"004519",ESCOCIA,"-74.1852294367963","4.621053418850084"
"004507",CIUDAD KENNEDY SUR,"-74.15914324645978","4.619074972771964"
"001357",SANTA INES SUR II,"-74.08820833121058","4.561215756873247"
"002547",EL TESORO,"-74.14892582946173","4.5366673758786575"
"004546",VILLA DEL RIO,"-74.15847047890078","4.600627523966875"
"007406",SANTA SOFIA,"-74.06751781186516","4.67087312829899"
"005507",NORMANDIA,"-74.10652019159022","4.668583608874625"
"005663",EL DORADO INDUSTRIAL,"-74.12761048463737","4.723148476831487"
"006415",LA LAGUNA FONTIBON,"-74.14943573857789","4.670644930838174"
"002456",QUIBA I,"-74.14053200352893","4.541521240210209"
"004560",SAUCEDAL,"-74.16183480662383","4.6350454612198435"
"001307",RAMAJAL,"-74.08209674385243","4.559758890284261"
"008529",SAN JOSE DE USAQUEN,"-74.03288809402987","4.75465710637511"
"101302",MOLINO RURAL,"-74.06979570370784","4.569012136272508"
"007104",TEUSAQUILLO,"-74.07230881848466","4.623090046494713"
"001355",LAS GUACAMAYAS I,"-74.09598253444639","4.554330912141314"
"004594",SAN ANTONIO,"-74.19732236024102","4.625158104702586"
"002561",CORDILLERA DEL SUR,"-74.15344152913131","4.5399584451650306"
"109105",SANTO DOMINGO,"-74.34525291858436","4.007550590509523"
"002501",SAN CARLOS,"-74.13121443389296","4.5666095231291886"
"009211",EL POA,"-74.09437612894372","4.74402474885293"
"009249",VEREDA SUBA NARANJOS,"-74.08055230214153","4.725497453070465"
"004207",GORGONZOLA,"-74.10417109715377","4.622461741668695"
"004570",ANTONIA SANTOS,"-74.18849058651817","4.611397228530411"
"009227",LECH WALESA,"-74.10131343809344","4.728002508609506"
"009261",TUNA,"-74.10614375505212","4.760781236172929"
"004109",VERAGUAS,"-74.09741149884104","4.603163456174405"
"005604",EL REAL,"-74.10265414411504","4.681410372578772"
"002640",EL PEDREGAL II,"-74.10989904997294","4.520073755768078"
"008309",LA CABRERA,"-74.05012273796885","4.669168283400184"
"001432",DIANA TURBAY CULTIVOS,"-74.10436601355224","4.541655071236902"
"105103",SAN PEDRO,"-74.15810378566053","4.664931376455268"
"006406",VILLEMAR,"-74.14007554737827","4.670605869833272"
"001115",MONTE CARLO,"-74.07151188271004","4.569293268675995"
"002534",CASA DE TEJA,"-74.13570558630131","4.541279047377361"
"007307",MUEQUETA,"-74.07108963465168","4.653070696419254"
"202506",EL NUEVO PORTAL II RURAL,"-74.09624359561505","4.489585263781209"
"201404",LA PEÃ‘A RURAL,"-74.06525540483455","4.5863247186209355"
"002540",ESTRELLA DEL SUR,"-74.14471630081292","4.544770756959236"
"009216",LA GAITANA,"-74.10910273076968","4.742198456269526"
"107101",GUAYMARAL,"-74.07138002425744","4.8194839378869165"
"004502",HIPOTECHO OCCIDENTAL,"-74.134402300548","4.621419584242856"
"006516",TINTALA,"-74.15559572772756","4.648527107235311"
"006529",EL VERGEL ORIENTAL,"-74.14376570465691","4.648411762048304"
"104107",BELLA FLOR SUR RURAL,"-74.1634644899466","4.539696311431617"
"005627",GARCES NAVAS,"-74.12029589131107","4.712682451762204"
"004542",ALQUERIA LA FRAGUA NORTE,"-74.13318328662227","4.605621803371495"
"108112",PARAMO II RURAL,"-74.0237156983431","4.697041374526271"
"006212",SALAZAR GOMEZ,"-74.11606354925155","4.631407244223274"
"002636",LA HUERTA,"-74.10209289031471","4.484335335063295"
"004532",LA CECILIA,"-74.17497929608668","4.605556075310158"
"002618",PUERTA AL LLANO DE USME,"-74.10232013461032","4.487450571749615"
"004529",CEMENTERIO JARDINES APOGEO,"-74.17204288853732","4.60051351106452"
"004631",EL CORZO,"-74.1895224653461","4.636164207605122"
"002597",LA FISCALA NORTE,"-74.1114274309038","4.536695826543143"
"001202",CIUDAD BERNA,"-74.09127521674394","4.58506290216943"
"002634",EL TUNO,"-74.11081249483044","4.486156679509031"
"001324",EL PINAR,"-74.08734199391598","4.5365321810975585"
"006527",INTERINDUSTRIAL,"-74.13082628299594","4.651326937447396"
"002558",VILLAS EL DIAMANTE,"-74.15375506153984","4.550523551871455"
"002637",ARRAYANES VI,"-74.09979128677806","4.536891397188827"
"005683",QUIRIGUA I,"-74.10068578360077","4.71193837549237"
"005404",LAS FERIAS,"-74.08462655609243","4.683440298951437"
"005501",PALO BLANCO,"-74.09436284948704","4.684110597465921"
"004597",SAN BERNARDINO I,"-74.20535300464189","4.606984600171983"
"002548",EL VIRREY,"-74.11313503308168","4.502521397682511"
"004539",GRAN COLOMBIANO,"-74.19911668878187","4.611544395858856"
"002511",LA PICOTA,"-74.11826396311567","4.547492040486106"
"006504",BAVARIA,"-74.13879386241835","4.638756756558901"
"002635",BRISAS DEL LLANO,"-74.10455474925776","4.485945098993333"
"004574",CHARLES DE GAULLE,"-74.20109055497618","4.606895607173792"
"002518",RONDA,"-74.14110836109282","4.565536905451382"
"001331",ALTOS DEL ZUQUE,"-74.07913719308772","4.542078433703218"
"004549",NUEVA YORK,"-74.14046287091423","4.605554597800745"
"004308",COLON,"-74.11590665466116","4.621699370573587"
"007407",LA AURORA,"-74.06738341883177","4.6669973709698604"
"002629",EL NEVADO II,"-74.10581053305523","4.521774663554421"
"007402",JUAN XXIII,"-74.06362412445863","4.667311481527332"
"008310",EL RETIRO,"-74.05174479654642","4.666684542094891"
"004102",LA SABANA,"-74.08709781006182","4.607860681982526"
"002557",JUAN JOSE RONDON,"-74.15295583598778","4.56350914369075"
"004511",CIUDAD KENNEDY CENTRAL,"-74.15274114497919","4.621924764956315"
"009220",LAGO DE SUBA,"-74.09863569327804","4.731713920356652"
"103105",LAS AURAS,"-74.17291249403212","4.172210212357631"
"009122",LAS VILLAS,"-74.07164856536532","4.715985095843105"
"009254",LISBOA,"-74.12129815357976","4.74302602525521"
"208108",SAN ISIDRO RURAL,"-74.01954103889736","4.663689990583254"
"009114",GILMAR,"-74.06482058607509","4.744822222778478"
"002405",ESCUELA GENERAL SANTANDER,"-74.13191327468094","4.589754281306445"
"001358",CHIGUAZA URBANO,"-74.08142923629875","4.5349524501133365"
"205319",SAN BERNARDINO XIX,"-74.20601873174249","4.634837711265062"
"004555",PATIO BONITO II,"-74.16515335423165","4.636308871231222"
"004305",LA PRADERA,"-74.12133969285179","4.625888848566587"
"004579",ESCOCIA,"-74.18755115847702","4.625376172715036"
"006423",EL TINTAL CENTRAL,"-74.13659444739463","4.6658366546356715"
"001113",SAN BLAS II,"-74.07955571643554","4.562625937688502"
"009138",CASABLANCA SUBA URBANO I,"-74.052725958964","4.781855011670785"
"008424",SEGUNDO CONTADOR,"-74.0266788197807","4.71312211797987"
"006528",EL VERGEL,"-74.13543915533708","4.656122886095791"
"103108",LOS RIOS,"-74.14819646166467","4.090122779050773"
"002527",LA CABANA,"-74.1079632859938","4.5117750095173"
"006517",MARIA PAZ,"-74.1579054172327","4.636201935330852"
"008530",LAS MARGARITAS,"-74.04497632113514","4.733205997257315"
"008510",ACACIAS USAQUEN,"-74.03441838852542","4.723647067843556"
"006216",CIUDAD SALITRE NOR-ORIENTAL,"-74.10067250830011","4.645555855474368"
"109109",TUNAL ALTO,"-74.30725216339526","3.925264187370719"
"005665",MARANDU,"-74.13313802948487","4.706571777505399"
"005111",LA ESMERALDA,"-74.09080632696411","4.647263440426876"
"007201",CAMPIN,"-74.07616153704132","4.648401070240839"
"002434",JERUSALEN,"-74.1579278560224","4.572664446379605"
"001345",DONA LILIANA,"-74.09310804545515","4.510575299170836"
"204104",PASQUILLA URBANA,"-74.15644907235728","4.444251117039139"
"005406",BONANZA,"-74.09037615449445","4.6898892633364015"
"006312",MODELIA OCCIDENTAL,"-74.12529966050984","4.666510657362075"
"005202",DOCE DE OCTUBRE,"-74.07443010678396","4.669811332318597"
"005206",LA LIBERTAD,"-74.0772632981803","4.6762492549443415"
"001306",SAN PEDRO,"-74.08472722881544","4.563870337094791"
"001110",SAN JAVIER,"-74.084443166326","4.579695748567605"
"005102",POPULAR MODELO,"-74.08166233974858","4.6658622887031935"
"008418",SAN PATRICIO,"-74.04981413704262","4.695339866914789"
"005658",VILLA SAGRARIO,"-74.12145862797797","4.704569057010912"
"004635",SAN BERNARDINO II,"-74.19777812874685","4.636846922494571"
"001106",SAN BLAS,"-74.08362920953168","4.567949890431043"
"001322",SAN RAFAEL USME,"-74.08382699076336","4.529557380501393"
"001334",LAS GAVIOTAS,"-74.08283746621474","4.532487678315795"
"009236",LA CAROLINA DE SUBA,"-74.10538907498636","4.727942432638347"
"005640",BOLIVIA ORIENTAL,"-74.1086295480061","4.720353000816331"
"009267",VILLA MARIA I,"-74.10160776542989","4.7415853302519455"
"005644",BOCHICA II,"-74.10943061165865","4.7148471266711685"
"009213",EL PINO,"-74.09108647823092","4.750095179443118"
"006106",EL LISTON,"-74.08311544863513","4.610974407402899"
"001425",GRANJAS DE SANTA SOFIA,"-74.11200406672347","4.570716814221093"
"001406",SAN ISIDRO,"-74.10033093219498","4.566281984653238"
"006510",VILLA ALSACIA II,"-74.13557397622355","4.64331433430005"
"102602",CENTRO USME RURAL I,"-74.12203468596262","4.476161356716627"
"006501",COOPERATIVA DE SUB-OFICIALES,"-74.13276499985729","4.638337680237874"
"104118",CIUDAD BOLIVAR RURAL III,"-74.16199572057614","4.556913389861161"
"005401",POTOSI,"-74.07836346528943","4.699069493341821"
"009109",NIZA SUR,"-74.07587051313902","4.706244252066975"
"001102",BUENOS AIRES,"-74.08057055503384","4.579394579563599"
"009228",LOMBARDIA,"-74.10196404156495","4.7478033730591624"
"001434",CARMEN DEL SOL,"-74.11301524255478","4.56387182339689"
"001317",PUENTE COLORADO,"-74.08290422945174","4.541955026014282"
"001320",NUEVA GLORIA,"-74.08951367212424","4.5406790517920825"
"001329",EL PARAISO,"-74.09192020850453","4.540863134128283"
"006215",PUENTE ARANDA,"-74.10657639162177","4.632980365346747"
"007208",BANCO CENTRAL,"-74.07040237435211","4.6424766926528225"
"002545",EL SATELITE,"-74.1476592289937","4.56846999681442"
"002627",LA REFORMA,"-74.10424950009285","4.500893828922908"
"001328",SANTA RITA SUR ORIENTAL,"-74.0931478511935","4.538803153867781"
"004558",CAMPO HERMOSO,"-74.16478050677799","4.64043418171668"
"006502",MARSELLA,"-74.1291905186364","4.6338605077791275"
"002512",AREA ARTILLERIA,"-74.12701737597254","4.552180290636054"
"009134",SAN JOSE V SECTOR,"-74.06326223063633","4.756760367035805"
"009219",CAMPANELLA,"-74.08530273614355","4.750740933772433"
"009247",IRAGUA,"-74.06756076661097","4.759850576659548"
"201503",SIBERIA  II,"-74.05852292907663","4.631787231916042"
"004512",TIMIZA,"-74.15117300560067","4.616062641909977"
"004510",CIUDAD KENNEDY ORIENTAL,"-74.14797225282027","4.62064167269325"
"008417",SANTA BARBARA OCCIDENTAL,"-74.04873362576186","4.7017498258939545"
"008307",CHICO NORTE,"-74.04864047108548","4.676857182762262"
"005506",JARDIN BOTANICO,"-74.10187216792531","4.663002388370005"
"004309",LA CAMELIA,"-74.11846883993988","4.611157576439027"
"005673",PUEBLO VIEJO,"-74.15408348193056","4.709145306042199"
"007405",ONCE DE NOVIEMBRE,"-74.07091040931397","4.66842042071321"
"006311",MODELIA,"-74.11556594241225","4.666197841434396"
"009239",LAS MERCEDES SUBA,"-74.08302606586092","4.758418712430327"
"202502",EL UVAL,"-74.10266151803299","4.485175231397274"
"002509",SAN BENITO,"-74.13564481480839","4.563896448179348"
"002593",TUNJUELITO,"-74.12419109870497","4.510574848375655"
"008413",SANTA BARBARA ORIENTAL,"-74.03152717870309","4.699276850173244"
"002625",ARRAYANES V,"-74.10171725836574","4.534591720805873"
"001111",SANTA ANA SUR,"-74.08523215846357","4.576997873647284"
"001107",LAS MERCEDES,"-74.08060180677865","4.566895728803916"
"002437",LA PRADERA,"-74.16233555912558","4.571731942998173"
"107112",LA LOMITA,"-74.0722677490961","4.797771940407083"
"002102",SAN ANTONIO,"-74.09476456140604","4.589933849396063"
"002542",SERRANIAS,"-74.11377237377668","4.499380073916417"
"001413",LA RESURRECCION,"-74.11146923947835","4.566837016058664"
"004583",ARGELIA II,"-74.18446440069302","4.614213927225368"
"009206",AURES II,"-74.10226387102325","4.7339967673116385"
"009140",NUESTRA SENORA DEL ROSARIO,"-74.06802492341082","4.788528848782568"
"002403",VENECIA OCCIDENTAL,"-74.14348115227843","4.591586516048242"
"105325",SAN BERNARDINO XXV,"-74.2137038593836","4.635963883931187"
"103104",LAS ANIMAS,"-74.18391962273768","4.147986686845136"
"208110",SAN LUIS ALTOS DEL CABO RURAL,"-74.02562705310872","4.6711486619688"
"002410",PARQUE EL TUNAL,"-74.13590813869963","4.571731825526881"
"002404",VENECIA,"-74.13866096479508","4.592239847070073"
"001319",LA GLORIA ORIENTAL,"-74.09121416611956","4.545517562469443"
"108108",PARAMO II,"-74.02026100566049","4.661065926495376"
"008411",RINCON DEL CHICO,"-74.04529170037252","4.686916936124749"
"008404",BELLA SUIZA,"-74.0307036802327","4.707321052868482"
"005108",CIUDAD UNIVERSITARIA,"-74.0845958400927","4.637846982275888"
"004541",EL PARAISO BOSA,"-74.16848577274408","4.641093255637748"
"109104",SAN JUAN,"-74.31594111732166","4.026187179294879"
"002544",LOS LAURELES II,"-74.15240713464995","4.57162010284167"
"008211",JUAN XXIII,"-74.05417008190263","4.647082611995488"
"006306",GRANJAS DE TECHO,"-74.11690427755318","4.642286587864533"
"005117",RAFAEL NUNEZ,"-74.0872559658548","4.643384678943584"
"004596",ALQUERIA LA FRAGUA II,"-74.13954686709754","4.600414119219271"
"004567",VILLAS DEL PROGRESO,"-74.20167395415602","4.624345851250588"
"004537",CASABLANCA,"-74.17081907134086","4.615610885708509"
"004564",TAIRONA,"-74.15780152077345","4.640407864457914"
"004212",TIBANA,"-74.10660900590639","4.6109582336720365"
"008402",COUNTRY CLUB,"-74.04178571022774","4.712190179354982"
"008401",LA CALLEJA,"-74.04890491794737","4.710624146752257"
"005667",CENTRO ENGATIVA II,"-74.13585490965689","4.711799510505543"
"005308",RIONEGRO,"-74.06566374359055","4.683011535020221"
"006515",VALLADOLID,"-74.14684398601797","4.645423472663422"
"002552",JUAN PABLO II,"-74.14996901357162","4.554143207365556"
"009212",SUBA URBANO,"-74.08199459280623","4.741467283429801"
"202410",TOCAIMITA ORIENTAL,"-74.09476934016274","4.501939990437166"
"107106",TUNA RURAL,"-74.10220795564057","4.776974689661028"
"009263",VILLA ALCAZAR,"-74.08562189742716","4.723123169253145"
"005630",CIUDAD BACHUE,"-74.10128291472108","4.718328981961573"
"008513",LISBOA,"-74.03592900079835","4.715505450312507"
"008315",CHICO NORTE III SECTOR,"-74.05356150750175","4.683344186685626"
"008412",SANTA BIBIANA,"-74.05193707783721","4.689498893381096"
"008414",SANTA ANA OCCIDENTAL,"-74.03688801227102","4.689234030179656"
"009127",ANDES NORTE,"-74.06822961649392","4.691698267200506"
"005403",JULIO FLOREZ,"-74.07526037469111","4.690782628068337"
"004531",MANDALAY,"-74.14354593515588","4.629278367786636"
"209104",SAN JUAN URBANO,"-74.31454362982605","4.029157866354578"
"001428",CERROS DE ORIENTE,"-74.10518767366554","4.555794218281103"
"102111",LOS ARRAYANES,"-74.14873127905308","4.344739859369154"
"103203",EL TABACO,"-74.15814513768885","4.264168826499154"
"204106",NUEVA ESPERANZA,"-74.16366839150706","4.54744714174572"
"204107",EL MIRADOR II,"-74.15999418057028","4.547492068788209"
"004634",CANAVERALEJO,"-74.19807115955115","4.6410784885029255"
"009115",IBERIA,"-74.06990544260984","4.727548930867481"
"005661",LUIS CARLOS GALAN,"-74.09738179837886","4.715981990943928"
"008202",EMAUS,"-74.05501502231193","4.652804492046273"
"005654",GRAN GRANADA,"-74.12512155081947","4.719844797585525"
"004528",PASO ANCHO,"-74.19331865009072","4.611535969828901"
"005304",LA CASTELLANA,"-74.06113411970999","4.683175040309774"
"004544",LAS DELICIAS,"-74.1453903775513","4.598428814238076"
"002507",ABRAHAM LINCOLN,"-74.12378692036359","4.557520842582522"
"002632",LA REQUILINA,"-74.12000283557795","4.479001951164957"
"006505",PIO XII,"-74.14953430211105","4.635191285504938"
"002304",SANTIAGO PEREZ,"-74.11037919715093","4.5870812205381535"
"105318",SAN BERNARDINO XVIII,"-74.20833241003979","4.619100704999514"
"002613",EL PROGRESO USME,"-74.10373461390188","4.4972276984687"
"008425",GINEBRA II,"-74.02574699151563","4.705637842136668"
"002541",GRANADA SUR,"-74.12288184874114","4.518089077636274"
"005636",ENGATIVA ZONA URBANA,"-74.14042977557145","4.714211767884548"
"006533",EL TINTAL III,"-74.15088812873309","4.654610104911809"
"006418",PUENTE GRANDE,"-74.16503539313308","4.694193132930042"
"006503",VISION DE ORIENTE,"-74.13465948549359","4.650973466904091"
"002520",LAS MANAS,"-74.16650990649846","4.56724637396482"
"002565",PARAISO QUIBA,"-74.16190919107757","4.551567398431279"
"001419",CALLEJON SANTA BARBARA,"-74.11354842968821","4.557482051727547"
"006405",FERROCAJA FONTIBON,"-74.13146796089106","4.672673542453015"
"205308",CANAVERALEJO RURAL,"-74.20187563357392","4.643406977399965"
"004101",RICAURTE,"-74.09286250162987","4.608554600156744"
"001431",LA RESURRECCION I,"-74.10903200495362","4.566241450781207"
"009240",POTRERILLO,"-74.09587877654444","4.736417506382784"
"001321",SAN MARTIN SUR,"-74.0996175812163","4.551211131408525"
"002508",TUNJUELITO,"-74.12793213840821","4.561613948584371"
"002506",GRAN YOMASA,"-74.11064938028987","4.5081723860929195"
"002504",COMPARTIR,"-74.14683695579524","4.557111514781717"
"002571",ANTONIO JOSE DE SUCRE,"-74.11461153392263","4.4926458879631985"
"004209",SANTA MATILDE,"-74.10847599018064","4.6012636229942085"
"009141",LA CANDELARIA,"-74.07576006420629","4.804772498505904"
"004301",SAN RAFAEL INDUSTRIAL,"-74.11133598909112","4.625772499006912"
"003215",SAN FRANCISCO RURAL,"-74.06701470804695","4.591673876001201"
"007306",BAQUERO,"-74.06883752374168","4.652221754620103"
"005113",PAULO VI,"-74.08832881821755","4.650978984879929"
"008214",CHAPINERO NORTE,"-74.06162252306098","4.65065070596992"
"002528",SANTA LIBRADA NORTE,"-74.1137316465656","4.516994527902554"
"001409",LAS LOMAS,"-74.10241703447049","4.56282950758768"
"004575",LOS LAURELES,"-74.20280958894384","4.61417472644329"
"004409",ALQUERIA,"-74.13359839864627","4.599340599980439"
"005631",CIUDAD BACHUE I ETAPA,"-74.10343985394381","4.71495705647919"
"002610",CHAPINERITO,"-74.10366677760344","4.504125399921251"
"004615",OSORIO XII,"-74.18087180256204","4.642540055341641"
"004628",BETANIA,"-74.17877561388165","4.627113143934618"
"004624",LA VEGA SAN BERNARDINO,"-74.20739210240241","4.619938676942463"
"004627",GALAN,"-74.1723034919784","4.648811510048447"
"009124",PUENTE LARGO,"-74.0663189416955","4.697011615018804"
"005621",FLORIDA BLANCA,"-74.1124647505953","4.69432180972828"
"009108",CIUDAD JARDIN NORTE,"-74.071208541718","4.722289896995784"
"001104",MOLINOS DE ORIENTE,"-74.06939758817882","4.567726351120732"
"003108",LA CAPUCHINA,"-74.07703914700603","4.604769150134429"
"001332",VILLABEL,"-74.0952991196021","4.538625147483594"
"004592",SAN MARTIN,"-74.1879715350238","4.628723537869683"
"002611",CHARALA,"-74.1073213551487","4.501731057266886"
"007103",LA MAGDALENA,"-74.07081965965627","4.628008918312493"
"101309",LA ARBOLEDA RURAL,"-74.07599908705953","4.532916540554531"
"001407",SURAMERICA,"-74.09579655029819","4.565903614331916"
"002428",PRIMAVERA II,"-74.18058443071433","4.593714039056862"
"002615",LA ESPERANZA DE USME,"-74.11090171805097","4.493643356464981"
"004518",TIMIZA A,"-74.1526724162641","4.609471179219284"
"005104",EL ROSARIO,"-74.0808272703414","4.655152901784198"
"007310",LA PAZ,"-74.07503935280974","4.659450462245494"
"005203",SAN FERNANDO,"-74.07781584080392","4.669708723310026"
"004505",PROVIVIENDA OCCIDENTAL,"-74.14442273130395","4.614101255547246"
"002620",EL NUEVO PORTAL II,"-74.1006894708895","4.490772257727939"
"002101",LA FRAGUITA,"-74.09955062858816","4.593101845692241"
"004412",REMANSO SUR,"-74.11651072965627","4.600838669607136"
"004625",EL REMANSO I,"-74.20013934218213","4.620333942740568"
"005109",CENTRO ADMINISTRATIVO OCC.,"-74.09412474046428","4.643498247074893"
"007203",CHAPINERO OCCIDENTAL,"-74.06686067818355","4.64566629458923"
"001402",GUSTAVO RESTREPO,"-74.10814230823799","4.576088745570343"
"004633",SANTA FE BOSA,"-74.19418945943755","4.637005046477283"
"006518",OSORIO III,"-74.16619619491851","4.648597161997107"
"004551",HIPOTECHO SUR,"-74.12661603071264","4.623473484256277"
"205101",VEREDA EL TINTAL URBANO,"-74.14911801493737","4.654105234586396"
"205102",VEREDA EL TINTAL,"-74.13816458225384","4.660643723589399"
"005112",PARQUE DISTRITAL SALITRE,"-74.0843921734745","4.659923676101439"
"002438",SIERRA MORENA,"-74.16367743341348","4.579585311219447"
"008533",HORIZONTES NORTE,"-74.02414083796035","4.759396748831075"
"001309",SAN VICENTE,"-74.08862429099207","4.554749088500236"
"004206",SAN FRANCISCO,"-74.10939334180713","4.620320424366495"
"208103",BARRANCAS ORIENTAL,"-74.01655739937623","4.7433105097575705"
"002205",SANTA LUCIA,"-74.12550400704134","4.5745157440738735"
"002306",BRAVO PAEZ,"-74.12054230261732","4.586448448216883"
"008543",SANTA CECILIA PUENTE NORTE,"-74.0156269225298","4.734663246265883"
"201105",EL REFUGIO I,"-74.04152299598324","4.668303388292493"
"002201",OLAYA,"-74.10682973623854","4.582030979800499"
"002203",QUIROGA CENTRAL,"-74.11631391740303","4.579329109957642"
"002105",SANTANDER,"-74.1094903898481","4.592502853646599"
"002303",CENTENARIO,"-74.10810982923176","4.585725146361873"
"002310",MURILLO TORO,"-74.11790147100763","4.585346420767746"
"006411",CHARCO URBANO,"-74.16892827157861","4.6971981165564785"
"002411",ISLA DEL SOL,"-74.15115845279702","4.591829705495854"
"002612",LA COMUNA,"-74.10103834980981","4.500356226669847"
"001424",BARCELONA SUR,"-74.10388140157364","4.564893020180607"
"001303",CORDOBA,"-74.0911746471179","4.564862837867729"
"004569",JOSE ANTONIO GALAN,"-74.17929416317504","4.607363451279862"
"005601",EL MINUTO DE DIOS,"-74.08975334012142","4.7000618878316205"
"009259",BERLIN,"-74.11724742018652","4.747151038759804"
"009142",CONEJERA,"-74.06337311600632","4.803420574149052"
"002427",GALICIA,"-74.17066374393285","4.590748464996801"
"002417",BARLOVENTO,"-74.16679125107397","4.592420237828123"
"002424",RINCON DE GALICIA,"-74.17431434165896","4.587602608502202"
"002448",PERDOMO ALTO,"-74.17418975325052","4.586009301739725"
"102603",CENTRO USME RURAL II,"-74.12366802639752","4.467351806756535"
"009218",ALMIRANTE COLON,"-74.08661963074708","4.715671513322096"
"002439",SIERRA MORENA,"-74.16747209421854","4.580130835766947"
"002444",SIERRA MORENA II,"-74.16755312979285","4.5763603656977025"
"002532",QUINTAS DEL SUR,"-74.13975474307172","4.546514781781962"
"006509",LUSITANIA,"-74.12265280338252","4.634436078973179"
"004554",PATIO BONITO,"-74.16126612453967","4.639294520130672"
"006104",LA FAVORITA,"-74.07864592438003","4.609962614774805"
"004530",TIMIZA B,"-74.15804672139338","4.611143155382921"
"205225",LAS ACACIAS RURAL,"-74.17879664505068","4.651380145979144"
"002524",LA ANDREA,"-74.11284519626406","4.5125793292214045"
"009204",EL RINCON NORTE,"-74.09072315691353","4.728303969277516"
"002616",EL NUEVO PORTAL,"-74.10283883363019","4.493033661360177"
"004642",ISLANDIA,"-74.19513914463793","4.615688794545452"
"109107",CHORRERAS,"-74.28314190727079","3.9902100115853405"
"109103",LAS VEGAS,"-74.26082004287592","4.01587161188707"
"002575",CERRO COLORADO,"-74.1577030437578","4.561609899537738"
"109101",EL TOLDO,"-74.29684509000951","4.061870731191071"
"109113",LAGUNITAS,"-74.29783953626696","3.9656641961707235"
"109102",SAN ANTONIO,"-74.30414350699547","4.095611249801219"
"001315",ALTAMIRA,"-74.08568906441891","4.542117395586359"
"001325",JUAN REY (LA PAZ),"-74.08984813517465","4.524886459518671"
"008405",GINEBRA,"-74.02675580797381","4.710346226812891"
"009119",ATENAS,"-74.0687689716332","4.730809115391038"
"008509",LOS CEDROS ORIENTAL,"-74.02925744640615","4.723299083161041"
"101307",TIHUAQUE RURAL,"-74.08012728299406","4.501772874014911"
"002521",LUCERO ALTO,"-74.13997968480606","4.5579197421619995"
"002514",MEISSEN,"-74.1358079667349","4.559138690219321"
"002587",BRISAS DEL VOLADOR,"-74.15509866609858","4.546655537148729"
"001304",BELLO HORIZONTE,"-74.09324547138542","4.561701632820162"
"004303",BARCELONA,"-74.11499359423564","4.618249105287367"
"005637",VILLA GLADYS,"-74.1373820610492","4.707588187051192"
"003106",CENTRO ADMINISTRATIVO,"-74.07657507731001","4.596222665146568"
"005672",LAS NAVETAS,"-74.15880055434945","4.706371337707374"
"006408",EL CARMEN FONTIBON,"-74.15057404170395","4.675589581185203"
"001114",VELODROMO,"-74.08742042467561","4.573069446139532"
"004580",BOSA NOVA EL PORVENIR,"-74.18985658446736","4.6217454117746195"
"002449",ESPINO I,"-74.17742396887864","4.583188023396158"
"008535",BUENAVISTA,"-74.02603232131156","4.766583288271674"
"005207",METROPOLIS,"-74.08191550494983","4.680924375692887"
"005502",LA ESTRADA,"-74.0933180866403","4.678132616970098"
"005310",ESCUELA MILITAR,"-74.07053581176048","4.679632953290392"
"008542",TIBABITA I,"-74.02315488977302","4.768403165604861"
"008537",VERBENAL SAN ANTONIO,"-74.03439208234114","4.763352836095577"
"002443",LA PRIMAVERA I,"-74.17410563214342","4.591097204959291"
"009234",SABANA DE TIBABUYES NORTE,"-74.10700143004468","4.755777989655148"
"008511",CEDRO NARVAEZ,"-74.03409800557604","4.721332305651474"
"009250",TIBABUYES OCCIDENTAL,"-74.12156556830185","4.751992636618911"
"105314",EL CORZO RURAL,"-74.19792864042893","4.647656217094298"
"008502",LA PRADERA NORTE,"-74.0344717380906","4.743913362540295"
"005647",VILLAS DE GRANADA,"-74.12603663761999","4.715201227881912"
"009246",DELMONTE,"-74.07405911297018","4.758918048373128"
"008410",ESCUELA DE INFANTERIA,"-74.04011531624094","4.68416854969271"
"008409",ESCUELA DE CABALLERIA I,"-74.03297517888687","4.684784713983173"
"006506",CASTILLA,"-74.14362126751553","4.639473274590639"
"001430",VILLA DE LOS ALPES I,"-74.09898637680955","4.5622949464529166"
"001109",LA MARIA,"-74.08141286263978","4.5760224985032485"
"102604",LA REQUILINA RURAL II,"-74.12242095711815","4.479831576042171"
"005307",LOS ANDES,"-74.0703571155482","4.686317573994886"
"006109",COLSEGUROS,"-74.08514652525595","4.620945658881087"
"002202",QUIROGA,"-74.11329696869657","4.580207080479686"
"001418",MARRUECOS,"-74.114618624066","4.553041121639004"
"008111",CATALUNA,"-74.06355896702723","4.628468599688349"
"006101",FLORIDA,"-74.08004747805994","4.623532624671884"
"002559",LOS ALPES SUR,"-74.15377565441138","4.543050827116879"
"004307",SAN GABRIEL,"-74.1180277811013","4.623019985159059"
"008102",PARQUE NACIONAL,"-74.06237716674687","4.622609599187737"
"006205",INDUSTRIAL CENTENARIO,"-74.09599809237054","4.624360898347607"
"006512",VILLA ALSACIA,"-74.12707370724384","4.643786247811502"
"002554",GIBRALTAR SUR,"-74.14247529359083","4.555342811022991"
"008522",EL ROCIO NORTE,"-74.02877262960399","4.759533887726182"
"004204",MONTES,"-74.11483844639629","4.610239252416419"
"004582",RENANIA URAPANES,"-74.14724491366094","4.60463416083942"
"002451",SAN ANTONIO DEL MIRADOR,"-74.17315706103297","4.580788325008862"
"008515",LOS CEDROS,"-74.04694562503704","4.724933507668306"
"004595",CHICO SUR,"-74.19323055359538","4.623716046195276"
"005115",PARQUE POPULAR SALITRE,"-74.08926678666381","4.665912987071467"
"006203",LA FLORIDA OCCIDENTAL,"-74.08702374198789","4.623632235239972"
"006110",USATAMA,"-74.08306745672063","4.621992355091817"
"008408",SANTA ANA,"-74.03005289728343","4.68670784004962"
"006511",LA PAMPA,"-74.13893456657107","4.652111682246673"
"001333",ALTOS DEL POBLADO,"-74.08709852224104","4.5488496608994895"
"001311",LA GLORIA OCCIDENTAL,"-74.09655162809136","4.548064978799151"
"004105",EDUARDO SANTOS,"-74.09016920551022","4.595046501724077"
"001403",HOSPITAL SAN CARLOS,"-74.10792787741569","4.571735421014643"
"002435",EL CHIRCAL SUR,"-74.14478805321247","4.570508945831163"
"001410",MARCO FIDEL SUAREZ,"-74.12066610265646","4.569206466371405"
"002503",LA AURORA,"-74.12102068768196","4.522343505836387"
"002505",NUEVO SAN ANDRES,"-74.11982367333476","4.525160049847738"
"105210",OSORIO X,"-74.18605873529079","4.645612002014331"
"001423",ARBOLEDA SUR,"-74.11839196570348","4.563550510093892"
"004316",LAS MARGARITAS,"-74.17564372645063","4.631613454697696"
"004609",LOS ALMENDROS,"-74.17570877626562","4.64667233856702"
"004607",CIUDAD DE CALI,"-74.17234248946997","4.641180254864323"
"004612",DINDALITO,"-74.17531206440424","4.640474433775059"
"004626",LAS ACACIAS,"-74.17762733248176","4.649808033103201"
"004601",CALANDAIMA,"-74.1671964009259","4.643531931055184"
"004614",DINDALITO,"-74.17265641922606","4.63548691227933"
"009243",LAS MERCEDES I,"-74.0914210602987","4.758574994001558"
"005634",EL CORTIJO,"-74.11887973340619","4.727807995751978"
"007106",ESTRELLA,"-74.07657771497928","4.622093974412877"
"004590",SAN BERNARDINO XXV URBANO,"-74.21847632232837","4.623507844241233"
"007209",ALFONSO LOPEZ,"-74.07351530880202","4.638854298532362"
"104112",SANTA ROSA,"-74.1627397590369","4.399329685484099"
"004577",SAN BERNARDINO XXII URBANO,"-74.21483177348975","4.625856769986607"
"102911",CURUBITAL,"-74.13842025057427","4.34212747518658"
"001209",MODELO SUR,"-74.08552243202246","4.586119380390667"
"008313",LAGO GAITAN,"-74.05875696985743","4.666016224399379"
"007105",ARMENIA,"-74.07273883978142","4.618718158128353"
"005664",EL DORADO,"-74.12253283040027","4.735033202582535"
"002631",EL NEVADO,"-74.11140459423547","4.527373285995191"
"002551",ALASKA,"-74.11124792819506","4.52991067930083"
"004562",LLANO GRANDE,"-74.16346277882782","4.632825952552235"
"007102",SANTA TERESITA,"-74.07070249125636","4.6317483005184545"
"006207",BATALLON CALDAS,"-74.103057243227","4.629943121258036"
"009214",TUNA ALTA,"-74.07822896561535","4.753949202534604"
"005620",FLORENCIA,"-74.10860063754093","4.7001154804208864"
"009130",CANODROMO,"-74.05632940465492","4.710867208004638"
"009207",VILLA ELISA,"-74.0884707514845","4.734859720505131"
"005680",VILLA DEL MAR,"-74.12251847136488","4.700465583352392"
"208203",LA ESTRELLITA,"-74.02229055462062","4.762047204367247"
"005682",CIUDAD BACHUE II,"-74.10206759314883","4.716620848129283"
"002586",YOMASA NORTE,"-74.12164251884369","4.50093888688103"
"009112",NIZA SUBA,"-74.07829621897956","4.719705348308172"
"004403",AUTOPISTA MUZU,"-74.1224860745871","4.597891395454446"
"006420",LA GIRALDA,"-74.14125927980433","4.67886712837192"
"005201",JORGE ELIECER GAITAN,"-74.07263495591351","4.675294498679061"
"008419",ESCUELA DE CABALLERIA II,"-74.03736432342863","4.680801702120257"
"002440",SIERRA MORENA,"-74.17018108946694","4.576644199252038"
"006206",EL EJIDO,"-74.10179706127981","4.624881473772664"
"108114",PARAMO III RURAL,"-74.0292152675657","4.680108162216554"
"005684",QUIRIGUA II,"-74.10587250297718","4.70878043719758"
"005116",PABLO VI NORTE,"-74.08752400032249","4.654982454990345"
"003211",GIRARDOT,"-74.07443543546376","4.586229725671771"
"003201",SAN BERNARDINO,"-74.08489090068839","4.593128466506455"
"002204",QUIROGA SUR,"-74.1203912267204","4.578425161672713"
"007304",CONCEPCION NORTE,"-74.0634894283267","4.657466212902425"
"109111",SAN JOSE,"-74.37322232403383","3.80972012826173"
"109116",NUEVA GRANADA,"-74.34755768207862","3.8820413435872485"
"109110",CONCEPCION,"-74.34189871346813","3.9197750986470807"
"006103",SANTA FE,"-74.07731096876768","4.615872871345002"
"004552",GUALOCHE,"-74.18263719910794","4.600195953495599"
"004576",CASA BLANCA SUR,"-74.17168693111647","4.618205689586516"
"006409",BELEN FONTIBON,"-74.14979612470484","4.681998461041002"
"001207",NARINO SUR,"-74.08773861594827","4.581599724492175"
"002564",EL MINUTO DE MARIA,"-74.14231419668481","4.536171458416058"
"002580",BELLA FLOR,"-74.1606158165088","4.545232887746286"
"204128",QUIBA RURAL,"-74.14296733053348","4.533451254675087"
"006105",SAN VICTORINO,"-74.08069223411012","4.606259439155244"
"001206",QUINTA RAMOS,"-74.0882444948134","4.578908700262286"
"002568",ARBORIZADORA ALTA,"-74.16348781754935","4.565120610855754"
"004515",TUNDAMA,"-74.1501331156967","4.601484021205236"
"006211",CUNDINAMARCA,"-74.09035263209269","4.622138849603503"
"002588",EL MOCHUELO III URBANO,"-74.13519890518081","4.511568539479909"
"009202",EL RINCON,"-74.09189508259813","4.723876924195321"
"009251",SAN CARLOS DE SUBA,"-74.11322528643805","4.749694869381076"
"002450",PERDOMO ALTO,"-74.16695047904491","4.586946274482929"
"002433",EL PENON DEL CORTIJO,"-74.16604133895011","4.5843508715920676"
"004535",CLASS,"-74.17832809627227","4.614097452747887"
"003204",BELEN,"-74.07265517538269","4.591361324956808"
"004525",PASTRANA,"-74.16641959557927","4.617077244887976"
"004210",JORGE GAITAN CORTES,"-74.11126043938945","4.607533655463608"
"009238",SANTA TERESA DE SUBA,"-74.09896944720464","4.720866432700132"
"002420",LA CORUNA,"-74.15251354262388","4.578823510405618"
"009258",CASA BLANCA SUBA I,"-74.07499576364725","4.738275412789054"
"201502",SIBERIA RURAL,"-74.05683974553742","4.631250668285763"
"008105",LA MACARENA,"-74.0654879350504","4.614299944221282"
"003107",SANTA INES,"-74.08103657088989","4.598846499246787"
"004538",OLARTE,"-74.16477515169098","4.599863985535674"
"004202",COMUNEROS,"-74.10233409474037","4.607152033150412"
"004208",LOS EJIDOS,"-74.1004788750128","4.617894746666091"
"002590",LA FISCALA,"-74.1108869057491","4.53230706866877"
"006201",EL RECUERDO,"-74.08712297659815","4.631410494893563"
"007101",LA SOLEDAD,"-74.07573987945945","4.629587610102398"
"001211",POLICARPA,"-74.08859710641276","4.587050812667114"
"002436",BELLAVISTA,"-74.16056424236872","4.57549720712666"
"007206",BELALCAZAR,"-74.07796231727934","4.638235086467661"
"002408",FATIMA,"-74.13801012814733","4.587154885754101"
"004603",EL PARAISO,"-74.17071868703779","4.6427783870969535"
"004613",PROVIVIENDA OCCIDENTAL,"-74.16786382840189","4.63567937822221"
"004604",BRASILIA,"-74.18200131673419","4.6285975975229"
"005648",VILLA AMALIA,"-74.12365688942498","4.708885951344572"
"102707",OLARTE,"-74.1239748216937","4.444672470457363"
"002543",COMUNEROS,"-74.10911503561401","4.498311024712104"
"006301",SANTA CECILIA,"-74.11958239612639","4.67314955010048"
"004563",GUADALUPE,"-74.15396694654392","4.597206427679187"
"004406",OSPINA PEREZ,"-74.12934811697185","4.59946212222414"
"004533",EL RETAZO,"-74.19496498864689","4.606204525174768"
"004503",PROVIVIENDA ORIENTAL,"-74.13146298264957","4.61478399292146"
"004211",BOCHICA,"-74.1076742366214","4.605215515140294"
"004504",PROVIVIENDA,"-74.137071713368","4.610914382076272"
"001108",SAN CRISTOBAL SUR,"-74.0802525261869","4.571179632924316"
"002560",BELLAVISTA LUCERO ALTO,"-74.14572808428969","4.548436915974109"
"008301",CHICO NORTE II SECTOR,"-74.04413024832212","4.680519266439534"
"006531",CIUDAD TECHO II,"-74.15121480227644","4.640288454801724"
"006521",SABANA GRANDE,"-74.15223155701447","4.667275770703614"
"002555",SAN JUAN BAUTISTA,"-74.11994958010676","4.5140203554522165"
"009113",SAN JOSE DE BAVARIA,"-74.06085241546823","4.763964252774025"
"105402",CHARCO RURAL,"-74.1678062369429","4.701742194153357"
"002307",INGLES,"-74.12327994158595","4.584302174221313"
"002308",CLARET,"-74.12778341282511","4.5831989129483"
"004617",TINTALITO,"-74.1708237164862","4.630578946587384"
"004611",EL JAZMIN,"-74.17835663340752","4.646036231319623"
"004605",CHICALA,"-74.18106256225614","4.624727545118672"
"205209",EL JAZMIN,"-74.18029021563565","4.649551459716823"
"004619",CHUCUA DE LA VACA III,"-74.16351427553901","4.629321897748624"
"004632",LA CABANA,"-74.19152895553549","4.63250542156733"
"004593",LA LIBERTAD,"-74.19032476346612","4.628729111615655"
"004618",DINTALITO,"-74.16942905752121","4.633198271300837"
"103109",LAS SOPAS,"-74.20888300761416","4.083550159881505"
"009262",LA GAITANA ORIENTAL,"-74.10598533840349","4.741045147907856"
"008514",EL CONTADOR,"-74.04420380773732","4.72049976176574"
"005666",LA FAENA,"-74.13536683137352","4.716794137158196"
"208126",SAN ISIDRO RURAL II,"-74.01731863415597","4.666076486775307"
"205221",GALAN RURAL,"-74.17563361576487","4.6530844169826056"
"102405",PEPINITOS,"-74.0943890618609","4.498058745753294"
"009116",PRADO VERANIEGO NORTE,"-74.06272359528978","4.719624854359027"
"109114",TUNAL BAJO,"-74.35153549174402","3.9737456507002853"
"005503",BELLAVISTA OCCIDENTAL,"-74.08920848222778","4.6764570274552595"
"001205",SOCIEGO,"-74.09135455667723","4.57667661367689"
"002573",ARBORIZADORA ALTA,"-74.15906297517684","4.567400212959523"
"205402",EL CHARCO,"-74.17023496829646","4.696185718295635"
"001420",EL PLAYON,"-74.12119474640456","4.561116607024433"
"209106",LA UNION URBANO,"-74.36359793312162","3.9855941327437683"
"001404",SOSIEGO SUR,"-74.09941114763262","4.573002228454383"
"001308",SANTA INES SUR,"-74.0863833385265","4.558042260583045"
"003109",VERACRUZ,"-74.07226262506788","4.603319427408681"
"001362",ARBOLEDA SANTA TERESITA,"-74.08577054099001","4.526987029201528"
"002311",VILLA MAYOR,"-74.12656757713852","4.589533607238022"
"002570",EL MIRADOR,"-74.15636890339121","4.55350511230309"
"003104",LA CONCORDIA,"-74.06946833972229","4.597475323055995"
"008512",CEDRITOS,"-74.03557023836667","4.719100445872784"
"004201",PENSILVANIA,"-74.09761549732487","4.612635038469699"
"008101",SAGRADO CORAZON,"-74.06768689528265","4.624715099080924"
"008518",CAOBOS SALAZAR,"-74.03635931184485","4.729389661165858"
"202309",EL BOSQUE SUR ORIENTAL RURAL III,"-74.08064316904604","4.4729979061160146"
"201108",EL REFUGIO II,"-74.04411665740447","4.664322988780371"
"108113",BOSQUE DE PINOS III RURAL,"-74.02064971007384","4.729413044859909"
"005504",LA ESTRADITA,"-74.09244838741178","4.672477257298639"
"009244",VILLA HERMOSA,"-74.08975777453153","4.757221945933266"
"008314",ANTIGUO COUNTRY,"-74.05729158046157","4.671685258545387"
"002538",USMINIA,"-74.11629610891805","4.4942964815522775"
"002530",QUIBA,"-74.14241275679728","4.538497822652452"
"004203",LA ASUNCION,"-74.10455617434008","4.602890212527461"
"002633",LAS VIOLETAS,"-74.0808268656833","4.49891203267152"
"003212",LOURDES,"-74.07362942440143","4.588523167395565"
"001414",MOLINOS DEL SUR,"-74.11867104239414","4.556502265457447"
"005510",EL LAUREL,"-74.09643440756358","4.68105062741308"
"105223",OSORIO XXIII,"-74.19030313953661","4.650128901263981"
"205316",VILLA EMMA,"-74.20469767859107","4.621562618932253"
"006417",VILLA CARMENZA,"-74.15102955494946","4.681225477728662"
"005605",EL ENCANTO,"-74.10530072983815","4.678616622200875"
"005205",SIMON BOLIVAR,"-74.07962196583172","4.678470551898459"
"008403",LA CAROLINA,"-74.0368392695518","4.707228478124474"
"002546",NACIONES UNIDAS,"-74.14902675823203","4.541445990520927"
"001330",CANADA O GUIRA,"-74.09905558019507","4.5453175803515595"
"001417",LOS MOLINOS,"-74.10964166784828","4.555672473873705"
"002531",CANDELARIA LA NUEVA,"-74.15059291100351","4.566719530387355"
"002516",MEXICO,"-74.13609066018685","4.5546311606039"
"009118",BATAN,"-74.06366969802049","4.706764986822205"
"001327",LOS LIBERTADORES,"-74.08948066153394","4.533175291072769"
"004408",TEJAR,"-74.12913437694698","4.605991435862976"
"004404",AUTOPISTA SUR,"-74.12642953428326","4.597943591554476"
"004581",TIMIZA C,"-74.15914093993143","4.614646416533898"
"002574",CEDRITOS DEL SUR,"-74.14523289753785","4.540279764271881"
"007204",QUESADA,"-74.06820052875032","4.638629673621476"
"103102",TAQUECITOS,"-74.21852236151295","4.177110520379728"
"101201",HOYA TEUSACA,"-74.01642138775787","4.601360153542699"
"104128",EL MOCHUELO III,"-74.15078768402068","4.518070833194501"
"002426",SANTO DOMINGO,"-74.17750511865093","4.579809394105362"
"003203",SANTA BARBARA,"-74.07791141867112","4.592276469628548"
"002621",SAN FELIPE DE USME,"-74.09930219474144","4.5020621431249195"
"004104",LA ESTANZUELA,"-74.087734506841","4.600045109092224"
"001103",VITELMA,"-74.07707810885505","4.575927862606106"
"009107",PRADO VERANIEGO,"-74.05503671905822","4.717010778257981"
"004520",LA PAZ BOSA,"-74.18569368209727","4.616474208929789"
"003101",LA ALAMEDA,"-74.07338059414353","4.610928549349386"
"004310",PROVIVIENDA NORTE,"-74.12570610579284","4.613657947961436"
"004517",JACQUELINE,"-74.16356874275509","4.607858847386487"
"202404",SAN FELIPE DE USME RURAL,"-74.09632583829982","4.500814837925085"
"003102",LAS NIEVES,"-74.06973561439736","4.607536061302563"
"006413",SAN PABLO JERICO,"-74.15723839726554","4.688605332049741"
"102312",CIUDAD LONDRES RURAL,"-74.08452228189913","4.5170963171534515"
"103201",BETANIA,"-74.15276245770596","4.211300413703705"
"006407",GUADUAL FONTIBON,"-74.14425819151606","4.667511639117181"
"007303",COLOMBIA,"-74.06642846358208","4.65967028148703"
"006315",LA ESPERANZA SUR,"-74.11712254100726","4.657599207337883"
"002510",LA PICOTA ORIENTAL,"-74.11315465316287","4.545081164506506"
"201306",TIBAQUE I,"-74.07487064743576","4.5593705251289185"
"002617",EL REFUGIO I,"-74.09818688574502","4.488663464540243"
"001323",NUEVA DELHI,"-74.08805150039005","4.529571246947576"
"007311",SIETE DE AGOSTO,"-74.07114554994372","4.657466485312704"
"004536",EL RUBI,"-74.17640134032433","4.609186014400423"
"006316",BOSQUE DE MODELIA,"-74.1233170109502","4.672341085155188"
"005635",EL MADRIGAL,"-74.11294898664137","4.707621888334799"
"006524",LA MAGDALENA,"-74.15376549342568","4.660411770235982"
"204129",EL MOCHUELO II NORTE,"-74.1478217831335","4.5317678320501615"
"001416",SAN AGUSTIN,"-74.1095116660816","4.550404856985369"
"006202",GRAN AMERICA,"-74.08410209421154","4.627014588289574"
"006410",CENTRO FONTIBON,"-74.14420088664941","4.675621911700606"
"008302",SEMINARIO,"-74.03885448242717","4.675038510929884"
"005509",SAN JOAQUIN,"-74.09899220495075","4.677538014693098"
"004616",OSORIO X URBANO,"-74.18397231119705","4.639689561494008"
"008416",MOLINOS NORTE,"-74.04063079738094","4.692560821310338"
"007305",LA ESPERANZA,"-74.06551265528088","4.652828671904126"
"008319",EL BAGAZAL,"-74.04704991517222","4.655743767119066"
"005670",LA RIVIERA,"-74.13178249418978","4.712652763335394"
"004568",JORGE URIBE BOTERO,"-74.17729008897467","4.622931834706053"
"003105",EGIPTO,"-74.06979953836093","4.594891239396682"
"008312",ESPARTILLAL,"-74.05579068711752","4.664148484520776"
"007404",ALCAZARES NORTE,"-74.06843973424351","4.665187034392187"
"008311",EL NOGAL,"-74.05242435408977","4.662553110169702"
"001210",CALVO SUR,"-74.08376883264867","4.584614255757727"
"008521",TIBABITA,"-74.02926810938604","4.764831405300969"
"009139",CASABLANCA SUBA URBANO II,"-74.05910997199973","4.7933298109964815"
"104130",BRAZUELOS OCCIDENTAL RURAL,"-74.12445565532053","4.494938912688245"
"004523",JIMENEZ DE QUESADA,"-74.1848016326377","4.605284645876823"
"002301",EDUARDO FREY,"-74.1162036112799","4.5921398606938855"
"109106",LA UNION,"-74.3622439457282","3.995560865899942"
"009229",TOSCANA,"-74.11379387284673","4.743564737180615"
"009135",PORTALES DEL NORTE,"-74.06320299679699","4.7508365199907745"
"009253",SAN PEDRO,"-74.12002403123459","4.746028026819447"
"005610",LA GRANJA,"-74.09816895702885","4.698864181675361"
"002409",NUEVO MUZU,"-74.14813219138358","4.587510523531871"
"002455",LA VALVANERA,"-74.16488039587145","4.590204763317629"
"005641",SANTA MONICA,"-74.11684977339468","4.7008531979838715"
"009104",VICTORIA NORTE,"-74.05482768564768","4.732158690929118"
"008213",CHAPINERO CENTRAL,"-74.06352119079499","4.644708552713428"
"005110",EL SALITRE,"-74.09880965596153","4.652362084682311"
"002460",ARBORIZADORA ALTA I,"-74.15633353028787","4.568356800120847"
"002523",LA ALAMEDA,"-74.13855671805167","4.549636484271915"
"002572",SALAZAR USME,"-74.11381728643128","4.518387940101869"
"002553",SUMAPAZ,"-74.14681495615446","4.554145680882579"
"009232",SABANA DE TIBABUYES,"-74.10877209916862","4.749014569876042"
"002539",SAN RAFAEL,"-74.14952631581883","4.547793582402602"
"008308",EL CHICO,"-74.05164398931973","4.673758683179049"
"005305",LA PATRIA,"-74.06496816550161","4.676709683924763"
"005204",SAN FERNANDO OCCIDENTAL,"-74.08166708048547","4.674437231246636"
"105104",EL TINTAL,"-74.16441812742335","4.669869037690601"
"002402",SAN VICENTE FERRER,"-74.1398905601756","4.581232992208469"
"002407",EL CARMEN,"-74.1357101046224","4.58131183013079"
"002406",SAMORE,"-74.13263462059292","4.583035457560183"
"002401",TUNAL ORIENTAL,"-74.13226258974473","4.57611944484747"
"002614",LA ORQUIDEA DE USME,"-74.10686273936214","4.495761893621956"
"007301",LA MERCED NORTE,"-74.07363920486935","4.664937377922383"
"002413",MUZU,"-74.14524992217216","4.580321062067744"
"005101",JOSE JOAQUIN VARGAS,"-74.08557578550796","4.671887210426633"
"002592",DESARROLLO BRAZUELOS,"-74.12026947416925","4.493067349332733"
"009210",LAS FLORES,"-74.0885663163396","4.741695794923057"
"104119",CIUDAD BOLIVAR RURAL I,"-74.17238374884438","4.546355681126598"
"006209",QUINTA PAREDES,"-74.09386924090087","4.635338202673409"
"008212",MARLY,"-74.06530324611457","4.635950809816362"
"009132",ESCUELA DE CARABINEROS,"-74.0706855315063","4.735360687213559"
"002517",LUCERO DEL SUR,"-74.14123593776034","4.551248369492126"
"005103",SAN MIGUEL,"-74.07837629107979","4.661775517587986"
"005615",LA SOLEDAD NORTE,"-74.10272316412784","4.696977453807091"
"205318",SAN BERNARDINO XVIII,"-74.21146712571448","4.6162659602826555"
"008104",LA PERSEVERANCIA,"-74.06442000332552","4.617608555971515"
"008109",SAN MARTIN,"-74.06739164624541","4.617025196784547"
"004110",LA PEPITA,"-74.08965532139864","4.604831720973804"
"001401",SAN JOSE SUR,"-74.10164333266513","4.5778062566842666"
"003210",RAMIREZ,"-74.07612740059204","4.582724892291355"
"007401",POLO CLUB,"-74.06221391900361","4.672852743963548"
"002502",MILLAN,"-74.14613421150504","4.559606489975809"
"001201",SEVILLA,"-74.09081199845323","4.58872900788301"
"008547",LA ESTRELLITA III,"-74.02278370507787","4.759739611229718"
"008519",ESTRELLA DEL NORTE,"-74.04318961158448","4.7385601944392235"
"006520",ZONA FRANCA,"-74.15897278885255","4.673096401004915"
"005508",LA CABANA,"-74.10150304218102","4.673825612629474"
"002453",CIUDAD BOLIVAR,"-74.17216962795463","4.55963969233324"
"005306",ENTRERIOS,"-74.07576195455853","4.682111807562938"
"004509",CIUDAD KENNEDY,"-74.14142361745458","4.623904502459189"
"102506",PORTAL RURAL II,"-74.0970887147882","4.493847630593688"
"001338",LA BELLEZA,"-74.09333671973175","4.530459347969692"
"002622",TOCAIMITA ORIENTAL I,"-74.0980568549444","4.502100309928335"
"106301",ENGATIVA EL DORADO,"-74.1315552487136","4.7268331456427495"
"001314",SAN JOSE SUR ORIENTAL,"-74.08706404394879","4.547347518496041"
"001208",LA HORTUA,"-74.08772685375719","4.589675411593543"
"005623",LOS ANGELES,"-74.12009360119703","4.696542569113111"
"008407",USAQUEN,"-74.02935977769604","4.692966355654001"
"005609",TABORA,"-74.09923183526445","4.694005688537343"
"007205",PALERMO,"-74.07191705085516","4.6350209098734085"
"006508",LAS DOS AVENIDAS,"-74.14224327906537","4.633254038320777"
"001408",VILLA DE LOS ALPES,"-74.09699086744016","4.559444650941331"
"008536",BOSQUE DE PINOS I,"-74.02529141049241","4.7181904665298715"
"008523",SAN ANTONIO NORTE,"-74.02816545362174","4.757493295364442"
"004108",SANTA ISABEL,"-74.09944592307218","4.600046794728725"
"007308",QUINTA MUTIS,"-74.07345949012652","4.653425893691737"
"006532",KASANDRA,"-74.1696639173466","4.693192385292906"
"005603",BOYACA,"-74.0996431232104","4.686109914382493"
"007202",SAN LUIS,"-74.0713508096428","4.647003713503133"
"008110",EL PARAISO,"-74.05953412588127","4.627184797648557"
"204304",LAGUNITAS,"-74.14665687806462","4.505617900534246"
"005607",SAN IGNACIO,"-74.11495409394931","4.6773021688389775"
"005626",LOS ALAMOS,"-74.11757907549948","4.6872920696202955"
"103202",EL ISTMO,"-74.17556546877682","4.211522809414597"
"001337",SAN PEDRO SUR,"-74.08644119499724","4.507261936511539"
"103204",LAGUNA VERDE,"-74.16101227198673","4.1860692491153175"
"103103",SANTA ROSA BAJA,"-74.19594235078151","4.197771157935717"
"002309",VILLA MAYOR ORIENTAL,"-74.12269510555562","4.5919901058507016"
"001203",CARACAS,"-74.09305897237444","4.583268121173852"
"002513",LAS ACACIAS,"-74.1442011673281","4.562728660912062"
"001204",CIUDAD JARDIN SUR,"-74.09618982202896","4.580596887755125"
"002209",QUIROGA I,"-74.11067583316967","4.58103845507544"
"004111",EL PROGRESO,"-74.0930979052514","4.600833474696882"
"008524",LA GRANJA NORTE,"-74.02715392362771","4.7497608970219085"
"002595",LAGUNITAS URBANO,"-74.14667639619695","4.508171468101093"
"004543",ALQUERIA LA FRAGUA,"-74.13672807032447","4.602609681043146"
"005649",VILLAS DE GRANADA I,"-74.12141802075965","4.717807376825748"
"009241",BOSQUES DE SAN JORGE,"-74.0866941717026","4.746787836645566"
"102909",SAN BENITO,"-74.11602218931533","4.3613086588319625"
"103205",RAIZAL,"-74.14247727313712","4.18773542311277"
"102116",CHISACA,"-74.20502924530233","4.320068348321018"
"005622",BOLIVIA,"-74.11450557143691","4.717687936144236"
"004548",TECHO,"-74.14743068713744","4.626890576161909"
"004584",SANTA CATALINA,"-74.1523798053526","4.605408191549812"
"001405",VEINTE DE JULIO,"-74.09623508681963","4.570557685829325"
"001412",GRANJAS SAN PABLO,"-74.11685519518514","4.573067545068506"
"009260",ALTOS DE SUBA,"-74.07574595527728","4.733419963155399"
"007107",LAS AMERICAS,"-74.07885231061418","4.627520513484258"
"002563",EL PEDREGAL,"-74.11379965690442","4.522368903632226"
"008114",PARQUE NACIONAL URBANO,"-74.06305033491768","4.60027112498004"
"007309",BENJAMIN HERRERA,"-74.07637179415613","4.654139736184438"
"006308",FRANCO,"-74.12124235801056","4.6504221886188395"
"004586",JIMENEZ DE QUESADA II SECTOR,"-74.18844569790626","4.607728257762278"
"002566",LA PAZ,"-74.11474730218877","4.542088852129504"
"002549",VILLA GLORIA,"-74.152364221378","4.549734871509074"
"001348",LA CABANA,"-74.09124198132332","4.513075909908107"
"008208",PARDO RUBIO,"-74.06190633039765","4.635173575898357"
"005675",BOLIVIA,"-74.12703262667404","4.707359723385673"
"006319",TERMINAL DE TRANSPORTES,"-74.11447943951485","4.653913941798765"
"006313",SALITRE OCCIDENTAL,"-74.10881490067224","4.6516873659492655"
"007312",RAFAEL URIBE,"-74.06771173250745","4.655518353685422"
"009245",PINOS DE LOMBARDIA,"-74.09579375798324","4.753174376137651"
"004306",LA TRINIDAD,"-74.11810835771286","4.625635932174817"
"003209",EL DORADO,"-74.07306026007521","4.579813430183102"
"004407",ALCALA,"-74.12644896910604","4.603044233122663"
"006107",PALOQUEMAO,"-74.0869569928547","4.6151654629699435"
"008108",SAMPER,"-74.06945409974335","4.6189310475473695"
"102407",TIBAQUE SUR,"-74.09030383888576","4.504121387767348"
"004550",JOSE MARIA CARBONEL,"-74.19697777138306","4.602555838390358"
"006210",CENTRO NARINO,"-74.08952873673402","4.62850622073928"
"005107",ACEVEDO TEJADA,"-74.08146528405385","4.63069109950223"
"002522",EL MOCHUELO ORIENTAL,"-74.12517965914722","4.535101240046018"
"004106",EL VERGEL,"-74.09564053774766","4.59666586663836"
"008112",SUCRE,"-74.06642305367885","4.629624985073641"
"002525",BARRANQUILLITA,"-74.11653436215035","4.523736053026783"
"007207",GALERIAS,"-74.07493426131435","4.642595074206532"
"004508",CIUDAD KENNEDY OCCIDENTAL,"-74.16115743585064","4.622271382551855"
"009231",SUBA CERROS,"-74.07671414371954","4.743257998882102"
"009105",PRADO PINZON,"-74.05445508726268","4.727383581416282"
"005650",CIUDADELA COLSUBSIDIO,"-74.11331727416868","4.726391092689124"
"009201",LOS NARANJOS,"-74.08648821643419","4.726455835909677"
"002445",CARACOLI,"-74.17186638902666","4.573199115494525"
"102808",LA REGADERA,"-74.12252978763077","4.394056267744254"
"005679",SAN ANTONIO ENGATIVA,"-74.12757136472517","4.702888829222073"
"006302",CAPELLANIA,"-74.12081517843632","4.661098479317958"
"006303",LA ESPERANZA NORTE,"-74.11123747150637","4.660097385649445"
"007302",ALCAZARES,"-74.07041479136545","4.662510500783035"
"005114",CAMPO EUCARISTICO,"-74.09402722031045","4.6586279844263645"
"204131",MOCHUELO ALTO URBANO,"-74.14823365483535","4.48843590387826"
"102122",LA REQUILINA RURAL,"-74.11558965637339","4.470262538639979"
"104131",MOCHUELO ALTO RURAL,"-74.14788666230342","4.481037545919588"
"208111",SAN ISIDRO RURAL,"-74.01796928500943","4.669830992577614"
"002423",ESPINO,"-74.1727028098551","4.583920186804411"
"004566",PATIO BONITO III,"-74.16098879268272","4.642912043081367"
"009230",SAN CAYETANO,"-74.09684562945615","4.7262578384341625"
"009106",SAN JOSE DEL PRADO,"-74.058623074385","4.723603965743896"
"004401",SAN EUSEBIO,"-74.12339760777724","4.607664167847118"
"208104",PARAMO URBANO,"-74.02988393620262","4.674940871057461"
"108111",TIBABITA RURAL I,"-74.01593197995524","4.7579410888073905"
"008528",SAN ANTONIO NOROCCIDENTAL,"-74.04141717146487","4.756642597523415"
"008527",EL CEREZO,"-74.0420043078916","4.765256721322535"
"008501",EL TOBERIN,"-74.04207398794925","4.747136315121373"
"008526",EL VERVENAL,"-74.04103521627223","4.761810651969593"
"003206",LA PENA,"-74.06631525129835","4.5868229854449085"
"003207",LOS LACHES,"-74.06802313654853","4.585758381962192"
"002579",VILLA CANDELARIA,"-74.15296305847609","4.56746322709713"
"002591",BRAZUELOS OCCIDENTAL,"-74.12250721955154","4.496655381252424"
"002576",SERRANIAS I,"-74.1116163326081","4.497695120875295"
"006519",MORAVIA,"-74.15534773461167","4.678278378168078"
"001426",SAN LUIS,"-74.10475788499548","4.56707920970821"
"002536",MONTEBLANCO,"-74.11789409460239","4.504962403452294"
"005668",VILLAS DE ALCALA,"-74.13033115679231","4.717215475422769"
"208127",PARAMO RURAL V,"-74.01225891262064","4.6658531860146395"
"008508",CEDRO SALAZAR,"-74.02872839170479","4.726774769949117"
"008507",BARRANCAS,"-74.02796142968641","4.731036864650516"
"008506",BARRANCAS NORTE,"-74.0280374514289","4.735006563899398"
"107109",BARAJAS NORTE,"-74.07747155528736","4.7800312417808675"
"005669",EL GACO,"-74.14015958248739","4.723598833978804"
"205401",EL CHANCO II,"-74.16771106331434","4.6859365247538305"
"009129",VILLA DEL PRADO,"-74.05324129859486","4.755562399676914"
"009101",GRANADA NORTE,"-74.05034454972633","4.750379660388966"
"009102",BRITALIA,"-74.05475716697987","4.74825514588875"
"004557",GRAN BRITALIA,"-74.17635247451567","4.618342459957784"
"004522",BOSA,"-74.18272692076111","4.609985151929397"
"004561",EL JARDIN,"-74.20848964181232","4.614026802372806"
"004302",SAN RAFAEL,"-74.11252653129603","4.62137091650038"
"009203",PUERTA DEL SOL,"-74.10138727362208","4.744531215875155"
"006419",EL REFUGIO,"-74.1493259762554","4.691068719755535"
"006416",ATAHUALPA,"-74.14610286313126","4.688690935038499"
"006403",SAN JOSE DE FONTIBON,"-74.13178229343805","4.683682477242824"
"001347",JUAN REY SUR,"-74.09212263083553","4.515773435589802"
"102112",EL HATO,"-74.16911390467844","4.377534519358466"
"107110",CASABLANCA SUBA I,"-74.05635013669826","4.778756461173451"
"009252",BILBAO,"-74.11757575166774","4.7500107838540355"
"009128",EL PLAN,"-74.06671420649396","4.739600880644626"
"009257",TIBABUYES,"-74.11192650394997","4.73660552063886"
"009208",COSTA AZUL,"-74.09749507244595","4.738605047741986"
"208107",LA ESPERANZA,"-74.02454024250002","4.664577242377271"
"008540",LA ESTRELLITA I,"-74.02346237915911","4.765188090533805"
"004578",VILLA NELLY III SECTOR,"-74.16223707494348","4.624525398569638"
"004620",CHUCUA DE LA VACA II,"-74.16498419534865","4.627447170656323"
"002431",POTOSI,"-74.17035058086289","4.569169844219661"
"001335",VILLA DIANA,"-74.09028649176497","4.501798219238413"
"008207",BOSQUE CALDERON,"-74.0606460160365","4.641247775238967"
"009111",MONACO,"-74.06177600134401","4.701024273265391"
"005624",AEROPUERTO EL DORADO,"-74.14264879872486","4.69866742850822"
"006402",LA CABANA FONTIBON,"-74.13883122032787","4.682030822007017"
"006414",BRISAS ALDEA FONTIBON,"-74.1569122618177","4.694853642865827"
"004573",CIUDADELA EL RECREO,"-74.20266958628366","4.632042559618354"
"006401",VERSALLES FONTIBON,"-74.14519278436799","4.685452130448594"
"005613",LA SERENA,"-74.09169350010966","4.707853500270635"
"005614",VILLA LUZ,"-74.10814985211701","4.684323477144341"
"005606",NORMANDIA OCCIDENTAL,"-74.10908388451672","4.672936440953208"
"004643",EL CORZO I,"-74.19327065063213","4.643501052697009"
"004526",BOSA NOVA,"-74.18915166119284","4.6192441612432775"
"005657",SABANA DEL DORADO,"-74.14255342451521","4.710962312661024"
"108102",TIBABITA RURAL,"-74.02717237368353","4.7767014493810045"
"008544",CANAIMA,"-74.03861118831252","4.771013928025581"
"008525",LA URIBE,"-74.04058836117584","4.752187144443194"
"105401",EL CHANCO RURAL II,"-74.16787681224106","4.690958828465656"
"008205",MARIA CRISTINA,"-74.05543545645364","4.644904052832705"
"008206",LA SALLE,"-74.05868560399101","4.644527852573331"
"008203",LAS ACACIAS,"-74.05149057224003","4.65062976264925"
"101103",INGEMAR ORIENTAL RURAL,"-74.04189995883277","4.635400076131441"
"008503",SANTA TERESA,"-74.0269401065613","4.744703917413212"
"101301",HOYA SAN CRISTOBAL,"-74.04733637605375","4.557737580521516"
"101502",SIBERIA,"-74.0481632557072","4.625019065891126"
"008215",INGEMAR,"-74.05788277989234","4.640354437153196"
"004317",CAMELIA II,"-74.11860174956742","4.614131804571333"
"004637",LAS MARGARITAS,"-74.19525642764062","4.630376710525376"
"002461",ARBORIZADORA ALTA  II,"-74.15538862785138","4.5710079829467025"
"101306",TIBAQUE,"-74.06443584509542","4.526773182385815"
"002596",EL MOCHUELO ALTO,"-74.1353694892693","4.499487290195209"
"009265",VEREDA SUBA CERROS II,"-74.07208151051621","4.755463859336789"
"001302",MONTEBELLO,"-74.08983091497764","4.566736848418105"
"002415",MADELENA,"-74.15722596108328","4.591786031881285"
"002421",RAFAEL ESCAMILLA,"-74.15986805837751","4.594179746089114"
"205322",CAMPO VERDE,"-74.21076614549953","4.624626138488588"
"001116",TIBAQUE URBANO,"-74.0742488773111","4.567939426480176"
"201508",PARDO RUBIO  I,"-74.05808396365354","4.6346789729579045"
"002589",PORVENIR,"-74.11745987711406","4.533237913000606"
"203106",NAZARETH URBANO,"-74.14700815008344","4.172539445406722"
"002446",LOS TRES REYES,"-74.17993712684317","4.589523517869583"
"009225",TIBABUYES UNIVERSAL,"-74.11123438576894","4.74598545738346"
"009222",ALTOS DE CHOZICA,"-74.08373680516151","4.731941557333782"
"006404",PUERTA DE TEJA,"-74.1271955811356","4.678973855851437"
"103106",NAZARETH,"-74.1595851373443","4.16688416263387"
"005612",PARIS GAITAN,"-74.09622868992476","4.7048839980722645"
"006218",CENTRO INDUSTRIAL,"-74.11094634612678","4.6386445495515805"
"005639",QUIRIGUA ORIENTAL,"-74.10255180102033","4.70721621561662"
"009123",NIZA NORTE,"-74.07535454080686","4.713792337538536"
"005643",ALAMOS,"-74.11870838342372","4.705053961087837"
"104104",PASQUILLA,"-74.16929008788198","4.445265764529458"
"004602",REMANSO URBANO,"-74.20447652421763","4.617433619709224"
"205320",EL REMANSO,"-74.20539453823328","4.616410321024038"
"102401",LOS ARRAYANES,"-74.08589127787157","4.495208112540915"
"005638",SANTA CECILIA,"-74.11132267240646","4.677844442522202"
"005625",LOS ALAMOS,"-74.11066503271178","4.697473797839423"
"004598",VILLA ANNY I,"-74.20303103651456","4.603383848975931"
"004599",VILLA ANNY II,"-74.19911999793351","4.601204395672691"
"009110",MAZUREN,"-74.05564565627498","4.736643964621197"
"001119",AGUAS CLARAS I,"-74.06761201317904","4.562167374351073"
"105105",VEREDA EL TINTAL RURAL,"-74.1435760112167","4.658516417039624"
"001336",JUAN JOSE RONDON I,"-74.08654168897574","4.4987996959803915"
"006522",EL TINTAL II,"-74.1441051083045","4.6631030874302475"
"106201",EL PANTANO,"-74.15730251372781","4.721600670537622"
"005662",EL CEDRO,"-74.14916272047174","4.718409619688053"
"008539",TORCA I,"-74.03526171198409","4.8003071391225145"
"108101",TORCA RURAL I,"-74.01786736607914","4.815456086404312"
"108110",TORCA RURAL II,"-74.02068416581272","4.798289464645217"
"008520",BOSQUE DE PINOS,"-74.01908207458114","4.733867831215329"
"008305",BELLAVISTA,"-74.05132550931312","4.655306895976251"
"201304",AGUAS CLARAS,"-74.06910044088657","4.55702252359259"
"005617",PRIMAVERA,"-74.10181474070782","4.70906912668954"
"004547",CORABASTOS,"-74.1590842121605","4.631164568411036"
"201302",EL TRIANGULO,"-74.0760653336831","4.564346002473895"
"001353",LAS GUACAMAYAS IV,"-74.10065303687666","4.556627941216623"
"001352",LAS GUACAMAYAS II,"-74.09859804807792","4.554648283983971"
"005652",EL MUELLE,"-74.12670843606567","4.6994845852727565"
"102310",EL BOSQUE SUR ORIENTAL RURAL I,"-74.08585781082917","4.474889050542354"
"004587",LOS SAUCES,"-74.19089823455911","4.617033958336246"
"004589",SAN PEDRO,"-74.19261568691333","4.6201891309272956"
"002447",EL MIRADOR DE LA ESTANCIA,"-74.17851755909713","4.585172062534512"
"002562",CENTRAL DE MEZCLAS,"-74.13255764731767","4.547140798462799"
"009221",LA CHUCUA,"-74.09291989447038","4.73699833078081"
"009121",CLUB DE LOS LAGARTOS,"-74.08649240247509","4.707715966285171"
"009223",TTES DE COLOMBIA,"-74.09276131235048","4.7307502973745805"
"001429",GUIPARMA,"-74.11807478757325","4.5603115030741765"
"005629",EL CEDRO,"-74.11505562193709","4.705027599566037"
"002442",SANTA VIVIANA,"-74.17418926490662","4.576901929361901"
"102910",ARRAYAN,"-74.12769475410546","4.330838248147601"
"102114",LOS ANDES,"-74.1685689602686","4.3450054950760295"
"004623",SAN BERNARDINO POTRERITOS,"-74.204937011536","4.622558710760913"
"104114",QUIBA ALTO,"-74.17008222775787","4.4961725505875165"
"008204",GRANADA,"-74.05574395322076","4.649349381684951"
"001427",PUERTO RICO,"-74.10975762064606","4.560890546489644"
"003103",LAS AGUAS,"-74.06577742878075","4.60211305029743"
"008107",SAN DIEGO,"-74.06902273813105","4.612920578390463"
"101110",PARAMO I RURAL,"-74.03821959261417","4.670312094430958"
"008106",BOSQUE IZQUIERDO,"-74.0643631710395","4.6095229387758465"
"108109",PARAMO I,"-74.03250920448659","4.668250258952603"
"001342",ALTOS DEL ZIPA,"-74.07920242203824","4.548914431780119"
"002606",EL CURUBO,"-74.10462721822583","4.511007786725204"
"002441",LOS TRES REYES I,"-74.1787878967021","4.587150477576617"
"001356",VILLA DEL CERRO,"-74.09502088375018","4.544375872172547"
"009205",AURES,"-74.09560364559427","4.733007656476113"
"005402",SANTA ROSA,"-74.07956137274796","4.694363261348806"
"008517",LA LIBERIA,"-74.03511761380847","4.735689218335419"
"009242",TUNA BAJA,"-74.09198897054564","4.756437235815448"
"009233",TIBABUYES,"-74.09986429847395","4.7524396779266995"
"107107",LAS MERCEDES SUBA RURAL,"-74.0856285949664","4.764588515664487"
"001354",LAS GUACAMAYAS III,"-74.10032169577514","4.558189594639026"
"002529",LA MARICHUELA,"-74.11857615244477","4.510294514232986"
"008538",BOSQUE DE PINOS III,"-74.02275883595115","4.7269516437098185"
"008304",LOS ROSALES,"-74.0480803118027","4.660288699086735"
"101101",EL BAGAZAL,"-74.03717299457492","4.654301879090571"
"108104",PARAMO,"-74.01688554962948","4.687717757434743"
"008303",EL REFUGIO,"-74.0436865340857","4.668060784773622"
"009133",MIRANDELA,"-74.05061736380286","4.766844977155835"
"005619",PARIS,"-74.1062274222381","4.703313488388353"
"004506",LA CAMPINA,"-74.14488657485695","4.607302760436081"
"004556",GRAN BRITALIA I,"-74.17107412150952","4.624369618880961"
"009217",RINCON DE SANTA INES,"-74.10256256516658","4.757542116305931"
"208125",SAN LUIS ALTOS DEL CABO RURAL II,"-74.0225553711012","4.669946749173754"
"002418",LA ESTANCIA,"-74.17466293055071","4.594385007590703"
"102412",TOCAIMITA SUR,"-74.09104659346572","4.496142845507402"
"001118",LOS LAURELES SUR ORIENTAL I,"-74.06772294995832","4.566277345442408"
"008221",SIBERIA URBANO,"-74.05776378973657","4.631240514526417"
"009255",SANTA RITA DE SUBA,"-74.12659686905377","4.745490971813474"
"009256",SANTA CECILIA,"-74.1278673353996","4.740919462419378"
"002416",EL ENSUENO,"-74.15947937476199","4.583950546066464"
"001421",DIANA TURBAY,"-74.1082919761145","4.547821838906755"
"004638",CIUDADELA EL RECREO II,"-74.20044451666628","4.634222993390717"
"009131",SANTA HELENA,"-74.06271300956416","4.731120393407699"
"001346",CIUDAD LONDRES I,"-74.08653673466556","4.519314605787309"
"006514",VERGEL OCCIDENTAL,"-74.13955775044235","4.65219583558261"
"002578",ARABIA,"-74.14746831603946","4.53349790815607"
"103101",SANTA ROSA ALTA,"-74.19689917151715","4.239145528531306"
"005608",SANTA HELENITA,"-74.10467155700059","4.690566300316743"
"001435",LOS ARRAYANES II,"-74.10750845542354","4.542785234043686"
"005602",SANTA MARIA,"-74.0943048421264","4.692562116682187"
"002419",RINCON DE LA VALVANERA,"-74.16276372513109","4.592603104998846"
"002584",EL MOCHUELO,"-74.13682021790913","4.537466750558562"
"005405",LAS FERIAS OCCIDENTAL,"-74.0871504975359","4.686953719505331"
"005611",AUTOPISTA MEDELLIN,"-74.09426673741619","4.700754677918437"
"201309",TIBAQUE II,"-74.08449814570336","4.509277595919086"
"004304",GALAN,"-74.121707444779","4.617950678879067"
"102309",EL BOSQUE SUR ORIENTAL RURAL II,"-74.07894641901835","4.476405399200983"
"104113",SANTA BARBARA,"-74.15012751252405","4.401529160224802"
"009117",PRADO VERANIEGO SUR,"-74.06442568727051","4.713024320367983"
"102211",LILIANA,"-74.09114402669466","4.508156361916849"
"009226",SALITRE SUBA,"-74.08282590275624","4.7555444319350855"
"009237",RINCON DE SUBA,"-74.09572907870253","4.722087880828758"
"001339",BOSQUE DE LOS ALPES,"-74.08271822438826","4.5492087059333945"
"101405",PARQUE NACIONAL ORIENTAL,"-74.04972416550635","4.594832269965475"
"003208",EL ROCIO,"-74.0700544947486","4.582777007680974"
"003205",EL GUAVIO,"-74.07019691093409","4.589099428133946"
"001312",LOS ALPES,"-74.08319002558973","4.553900647651495"
"001411",SAN JORGE SUR,"-74.12059121919427","4.5716652544648895"
"001310",LA VICTORIA,"-74.09222266024742","4.551782422249568"
"001112",PRIMERO DE MAYO,"-74.08972653430713","4.572760829410329"
"202601",CENTRO USME,"-74.12823476832764","4.469585905128281"
"004588",EL DANUBIO AZUL,"-74.18222768788543","4.621510436001949"
"004405",OSPINA PEREZ SUR,"-74.1320233335382","4.596072250480288"
"107102",CASABLANCA SUBA,"-74.05187174455743","4.797000660596083"
"207801",SANTA CECILIA DE SUBA I,"-74.13144143795073","4.7405908460221005"
"008505",SAN CRISTOBAL NORTE,"-74.02733246921439","4.739578037483856"
"009125",PASADENA,"-74.06277371125184","4.692205662717458"
"008420",PARAMO URBANO I,"-74.02305522779851","4.703611881592489"
"009126",ESTORIL,"-74.05864526344898","4.69198995706813"
"008406",SAN GABRIEL NORTE,"-74.02690032767401","4.700765011702918"
"009136",CASABLANCA SUBA URBANO,"-74.04451105214632","4.807925786106277"
"107111",CASABLANCA SUBA II,"-74.05453412525652","4.8255630718096105"
"009120",NUEVA ZELANDIA,"-74.04890153481115","4.758636763865281"
"002581",LA TORRE,"-74.16176467797415","4.541274896299332"
"002526",SANTA LIBRADA,"-74.11907657248092","4.516852579278041"
"002429",MARIA CANO,"-74.17609463578182","4.5898353219577945"
"002430",LAS BRISAS,"-74.16593691342591","4.570970200888842"
"004402",REMANSO,"-74.11388827345068","4.602339057289492"
"208101",PARAMO IV,"-74.01907284187365","4.672822579985216"
"006320",CIUDAD HAYUELOS,"-74.12864427743533","4.657680883397818"
"007403",SAN FELIPE,"-74.06375904731921","4.6631355003293375"
"009268",SANTA CECILIA DE SUBA I,"-74.12636237728326","4.739459191032024"
"009266",RINCON ALTAMAR,"-74.09247934775334","4.719788246030838"
"004527",NUEVA GRANADA BOSA,"-74.19240541632297","4.600408397335022"
"001318",QUINDIO,"-74.08025087976635","4.538097965727512"
"002515",SAN FRANCISCO,"-74.1490831057393","4.562552217868964"
"008426",SAN GABRIEL NORTE II,"-74.02701927762537","4.701013405352525"
"004513",SAN DIEGO-BOSA,"-74.21071041445165","4.611858727482251"
"102118",LAS VIOLETAS RURAL,"-74.07609791368385","4.490927644274342"
"104108",LAS MERCEDES,"-74.18862800585674","4.4058912755249064"
"102110",EL PORVENIR DE LOS SOCHES,"-74.09107922307948","4.486566751216622"
"104102",PASQUILLITA,"-74.1561957242422","4.422221581082117"
"104127",EL MOCHUELO IV,"-74.15278360424158","4.53640908539229"
"202203",BOLONIA I,"-74.09529376738875","4.509320154580656"
"002422",ATLANTA,"-74.15310749247993","4.584397351187622"
"001305",ATENAS,"-74.09290787981385","4.557177564425923"
"004572",CORREDOR FERREO DEL SUR,"-74.14354154831666","4.605044805837615"
"004514",CIUDAD KENNEDY NORTE,"-74.15355213911646","4.628811104422682"
"002569",ARBORIZADORA ALTA,"-74.16637791637794","4.562671169091578"
"008103",LA MERCED,"-74.06595635535282","4.620961807481957"
"006204",ESTACION CENTRAL,"-74.09194122058834","4.618718582295664"
"006108",SAMPER MENDOZA,"-74.08169347791969","4.619217508398408"
"008201",QUINTA CAMACHO,"-74.05956646349144","4.65474162420411"
"004621",CHUCUA DE LA VACA I,"-74.16712648771097","4.624929809238099"
"008516",LAS ORQUIDEAS,"-74.04239802820615","4.742426556896434"
"005628",GARCES NAVAS ORIENTAL,"-74.11788816089658","4.71007253922244"
"006507",NUEVO TECHO,"-74.13628920526016","4.646837720307927"
"006307",MONTEVIDEO,"-74.11836983018321","4.645745027714345"
"002643",EL SALTEADOR,"-74.10345942983035","4.484010039708247"
"103206",PENALISA,"-74.13050174635461","4.18456190775579"
"009248",TIBABUYES II,"-74.11553520809768","4.756889776198757"
"004559",EL CARMELO,"-74.17676889012643","4.620057174955909"
"002583",QUIBA URBANO,"-74.14367650371298","4.534418162761915"
"004591",EL PORTAL DEL BRASIL,"-74.18622114405538","4.630206526965092"
"101308",CHIGUAZA RURAL,"-74.08302706929445","4.525165047182227"
"008545",MIRADOR DEL NORTE,"-74.02072738255251","4.7647181687219495"
"002582",BELLA FLOR SUR,"-74.15761944788589","4.54413768889268"
"002432",ARBORIZADORA BAJA,"-74.14836908780411","4.574510424057564"
"009235",CIUDAD HUNZA,"-74.08742628155264","4.720913092025477"
"002537",CHUNIZA,"-74.10912963303412","4.505042074128288"
"002556",DESARROLLO BRAZUELOS I,"-74.117531036624","4.497542309836289"
"003202",LAS CRUCES,"-74.08016229772143","4.5879063809899465"
"005105",CAMPIN OCCIDENTAL,"-74.07971412764361","4.64887828753294"
"005106",NICOLAS DE FEDERMAN,"-74.08240282316453","4.647581188686387"
"004534",ROMA,"-74.17337641657949","4.610869668957113"
"002601",ARRAYANES I,"-74.10093359362075","4.5428121466823175"
"001422",DIANA TURBAY ARRAYANES,"-74.10665985958917","4.544762507418904"
"001313",BELLAVISTA SUR,"-74.08859785996286","4.550667313183809"
"001301",GRANADA SUR,"-74.08998952010376","4.569479777083464"
"102113",LAS MARGARITAS,"-74.19756214231602","4.378219721732327"
"006217",CIUDAD SALITRE SUR-ORIENTAL,"-74.10405400097095","4.642441179783308"
"002608",EL BOSQUE CENTRAL I,"-74.09899773970626","4.505151440190932"
"202204",LA ESPERANZA SUR I,"-74.09648403050672","4.50767287595556"
"002605",BOLONIA,"-74.10085918911669","4.509386770300204"
"002609",EL BOSQUE,"-74.10137891864335","4.505510403802961"
"002607",LA ESPERANZA SUR,"-74.1021000536732","4.507351152569344"
"102406",EL BOSQUE CENTRAL,"-74.09693909372943","4.504633605658228"
"108103",BARRANCAS ORIENTAL RURAL,"-74.01450534058509","4.732945436112007"
"008504",LA CITA,"-74.01937155663352","4.743230584930873"
"006525",EL CHANCO I,"-74.1639863206326","4.682334738398056"
"105403",EL CHANCO RURAL III,"-74.1723560459554","4.679383444405307"
