,log_area,area,id_inmueble
0,-inf,0.0,165
1,0.0,1.0,15
2,0.6931471805599453,2.0,4
3,1.0986122886681098,3.0,2
4,1.3862943611198906,4.0,5
5,1.6094379124341003,5.0,7
6,1.791759469228055,6.0,17
7,1.9459101490553132,7.0,1
8,2.0794415416798357,8.0,4
9,2.1972245773362196,9.0,2
10,2.302585092994046,10.0,3
11,2.3978952727983707,11.0,3
12,2.4849066497880004,12.0,9
13,2.5649493574615367,13.0,1
14,2.6390573296152584,14.0,2
15,2.70805020110221,15.0,2
16,2.772588722239781,16.0,3
17,2.833213344056216,17.0,5
18,2.8903717578961645,18.0,12
19,2.9444389791664403,19.0,7
20,2.995732273553991,20.0,31
21,3.044522437723423,21.0,10
22,3.068052935133617,21.5,2
23,3.08876713952118,21.95,1
24,3.091042453358316,22.0,15
25,3.102791345847399,22.26,1
26,3.1354942159291497,23.0,8
27,3.1717842173343502,23.85,4
28,3.1780538303479458,24.0,39
29,3.1954024686825586,24.42,1
30,3.1986731175506815,24.5,2
31,3.2003044392827653,24.54,2
32,3.210440346047099,24.79,1
33,3.2188758248682006,25.0,54
34,3.2280337626529665,25.23,2
35,3.258096538021482,26.0,22
36,3.2726061472891685,26.38,3
37,3.282038399825841,26.63,1
38,3.289893312103481,26.84,1
39,3.2939832973550063,26.95,2
40,3.2954664270299134,26.99,2
41,3.295836866004329,27.0,26
42,3.2965773325320527,27.02,4
43,3.3105430133940246,27.4,2
44,3.3174533882291946,27.59,2
45,3.3214324131932926,27.7,2
46,3.332204510175204,28.0,40
47,3.34109345759245,28.25,1
48,3.349904087274605,28.5,1
49,3.353406717825807,28.6,6
50,3.367295829986474,29.0,39
51,3.374168709274236,29.2,1
52,3.3782698770184507,29.32,1
53,3.3816747151732915,29.42,1
54,3.3965197921110444,29.86,1
55,3.4011973816621555,30.0,108
56,3.40452517175483,30.1,1
57,3.4111477125153233,30.3,1
58,3.4210000089583352,30.6,1
59,3.4216533902295376,30.62,1
60,3.4288125486951286,30.84,8
61,3.43043250693049,30.89,1
62,3.4330189939851112,30.97,1
63,3.4339872044851463,31.0,56
64,3.436564525499447,31.08,1
65,3.4394560937792455,31.17,3
66,3.441379171294987,31.23,3
67,3.4468078929142076,31.4,1
68,3.4474446328274753,31.42,2
69,3.456316680883235,31.7,8
70,3.4657359027997265,32.0,75
71,3.4759955917373415,32.33,1
72,3.4763048541489607,32.34,7
73,3.48584485572244,32.65,1
74,3.487986511734546,32.72,2
75,3.4937765629552486,32.91,1
76,3.4965075614664802,33.0,82
77,3.500137329517059,33.12,1
78,3.502549875922443,33.2,6
79,3.5028510353886553,33.21,1
80,3.506157817298642,33.32,1
81,3.506757877322648,33.34,3
82,3.520460802488973,33.8,6
83,3.521347982792617,33.83,4
84,3.52311998561896,33.89,1
85,3.5263605246161616,34.0,69
86,3.530762586016799,34.15,1
87,3.5380565643793527,34.4,1
88,3.544142657647253,34.61,2
89,3.5452977256359124,34.65,1
90,3.546163151912341,34.68,1
91,3.5473158897921495,34.72,2
92,3.551340040091875,34.86,2
93,3.5553480614894135,35.0,104
94,3.5570608794930885,35.06,6
95,3.5667118201397288,35.4,2
96,3.56953269648137,35.5,2
97,3.576829950305313,35.76,1
98,3.5801800371905954,35.88,1
99,3.58351893845611,36.0,168
100,3.586292865338835,36.1,1
101,3.591817741270805,36.3,1
102,3.5956670723917576,36.44,1
103,3.596215769250517,36.46,2
104,3.607126952241677,36.86,1
105,3.6109179126442243,37.0,117
106,3.620600613360642,37.36,1
107,3.6214032889890224,37.39,1
108,3.6216707044204863,37.4,1
109,3.622739651609391,37.44,1
110,3.624340932976365,37.5,1
111,3.6256733782101436,37.55,4
112,3.629660094453965,37.7,1
113,3.6299253112702656,37.71,5
114,3.6328380632303117,37.82,2
115,3.636532973741727,37.96,1
116,3.6375861597263857,38.0,229
117,3.6396892099231644,38.08,1
118,3.6529931755495273,38.59,1
119,3.6635616461296463,39.0,123
120,3.665098925448533,39.06,3
121,3.6686767467964168,39.2,2
122,3.674273301724574,39.42,1
123,3.6750340472918834,39.45,3
124,3.676300671907076,39.5,1
125,3.681854839176972,39.72,1
126,3.6828613817883733,39.76,1
127,3.6876286722122837,39.95,2
128,3.6888794541139363,40.0,409
129,3.6916256797819615,40.11,1
130,3.696351468952637,40.3,2
131,3.6975913947159578,40.35,1
132,3.6983346128846915,40.38,1
133,3.6985822295753215,40.39,1
134,3.6998193941522706,40.44,3
135,3.7013019741124933,40.5,1
136,3.7049988359938197,40.65,1
137,3.7103962975761857,40.87,1
138,3.713572066704308,41.0,181
139,3.7191661467188086,41.23,1
140,3.719408659148759,41.24,1
141,3.720862499966987,41.3,1
142,3.7218305542536223,41.34,1
143,3.7220724214697003,41.35,2
144,3.7256934272366524,41.5,5
145,3.7259343620649474,41.51,2
146,3.7278597537548204,41.59,3
147,3.7293013686128518,41.65,3
148,3.731220294603461,41.73,2
149,3.732657076459824,41.79,1
150,3.735285826928092,41.9,1
151,3.735763040012787,41.92,1
152,3.7376696182833684,42.0,429
153,3.7452597875500437,42.32,1
154,3.745732265706719,42.34,1
155,3.746912485364546,42.39,1
156,3.7471483622379123,42.4,1
157,3.747384183486499,42.41,1
158,3.7478556592142334,42.43,1
159,3.749974553473747,42.52,1
160,3.751854253275325,42.6,2
161,3.7520889675118205,42.61,1
162,3.754198920234579,42.7,1
163,3.7556030861568446,42.76,2
164,3.756538102587751,42.8,1
165,3.7577056450437887,42.85,1
166,3.758871825933971,42.9,2
167,3.7602694502006093,42.96,1
168,3.7612001156935624,43.0,328
169,3.762129915853529,43.04,1
170,3.7665346986795405,43.23,1
171,3.768152635008444,43.3,1
172,3.76861442213279,43.32,2
173,3.770689829311502,43.41,1
174,3.772071045000701,43.47,2
175,3.7727609380946383,43.5,3
176,3.772990796732589,43.51,1
177,3.775057150354989,43.6,3
178,3.778948651202804,43.77,2
179,3.779177092094717,43.78,2
180,3.7805466426397603,43.84,1
181,3.784189633918261,44.0,292
182,3.790758917935107,44.29,1
183,3.7932394694381792,44.4,3
184,3.794814804522605,44.47,1
185,3.7968365956190286,44.56,2
186,3.7970609869584644,44.57,1
187,3.8013148834437245,44.76,1
188,3.8022081394209395,44.8,1
189,3.8066624897703196,45.0,580
190,3.8071068354785864,45.02,1
191,3.8084386891715756,45.08,1
192,3.811318301306514,45.21,1
193,3.8137484361598055,45.32,1
194,3.817712325956905,45.5,1
195,3.824284091120139,45.8,1
196,3.827553848801696,45.95,3
197,3.828641396489095,46.0,385
198,3.832113622199844,46.16,1
199,3.8342776568032932,46.26,2
200,3.8366526984033693,46.37,1
201,3.8372994592322094,46.4,1
202,3.8394523125933104,46.5,1
203,3.842029633607611,46.62,1
204,3.8437441646748516,46.7,4
205,3.845883202923601,46.8,1
206,3.8480176754522337,46.9,1
207,3.849296175519841,46.96,1
208,3.8501476017100584,47.0,508
209,3.8505730431119236,47.02,1
210,3.8509983035903717,47.04,2
211,3.851848282392076,47.08,1
212,3.855875844805145,47.27,1
213,3.858411235979497,47.39,1
214,3.8607297110405954,47.5,2
215,3.863882630100211,47.65,1
216,3.865979066926739,47.75,1
217,3.86702563949741,47.8,1
218,3.867862109642376,47.84,1
219,3.8691155044168695,47.9,1
220,3.871201010907891,48.0,643
221,3.8714093225428488,48.01,1
222,3.8716175907931074,48.02,1
223,3.8753590210565547,48.2,2
224,3.875566468417531,48.21,2
225,3.877431560658527,48.3,1
226,3.8792931808052273,48.39,1
227,3.8803259186848913,48.44,1
228,3.8815637979434374,48.5,9
229,3.885679030088544,48.7,1
230,3.8877303128591016,48.8,1
231,3.8907993689765195,48.95,1
232,3.8918202981106265,49.0,520
233,3.8969093676180977,49.25,3
234,3.8979240810486444,49.3,1
235,3.8989377658794906,49.35,1
236,3.899950424193877,49.4,1
237,3.900962058068721,49.45,1
238,3.901972669574645,49.5,10
239,3.905401129119259,49.67,1
240,3.9064072666425105,49.72,1
241,3.9074123928704627,49.77,2
242,3.9084165098340344,49.82,1
243,3.9110225050945626,49.95,1
244,3.912023005428146,50.0,1031
245,3.919991175077323,50.4,1
246,3.9203879217597737,50.42,1
247,3.9219733362813143,50.5,3
248,3.92395157629342,50.6,1
249,3.9243467551169777,50.62,2
250,3.9259259105971376,50.7,1
251,3.926123129806928,50.71,1
252,3.927305628959303,50.77,2
253,3.928289977892018,50.82,1
254,3.9300593679142444,50.91,1
255,3.9318256327243257,51.0,489
256,3.93241369507588,51.03,1
257,3.934371409091908,51.13,1
258,3.9345669698630408,51.14,1
259,3.9357395320454622,51.2,1
260,3.936910720935925,51.26,1
261,3.937495801401177,51.29,1
262,3.9396381724611196,51.4,2
263,3.940416079929364,51.44,1
264,3.9415818076696905,51.5,5
265,3.9431340004531985,51.58,1
266,3.9433278552565585,51.59,1
267,3.943909194290468,51.62,1
268,3.9454577815143836,51.7,2
269,3.945844553903657,51.72,1
270,3.9473901492654373,51.8,2
271,3.9498966578562276,51.93,5
272,3.9512437185814275,52.0,688
273,3.9514360077849813,52.01,1
274,3.9527809979003137,52.08,1
275,3.9560398908449206,52.25,2
276,3.9569963710708773,52.3,2
277,3.961955374176355,52.56,1
278,3.9627161197436642,52.6,1
279,3.9636662385799846,52.65,1
280,3.9685923569160404,52.91,1
281,3.970291913552122,53.0,569
282,3.97198858659558,53.09,1
283,3.972365234434308,53.11,1
284,3.973494327516247,53.17,1
285,3.975936331171799,53.3,2
286,3.9793077522337423,53.48,2
287,3.980989209892869,53.57,1
288,3.9815490680767565,53.6,2
289,3.9822950584134778,53.64,1
290,3.9828541861887374,53.67,1
291,3.984529696214894,53.76,1
292,3.985830932572866,53.83,1
293,3.9860166853364722,53.84,6
294,3.9889840465642745,54.0,760
295,3.9902795033939134,54.07,1
296,3.99341864363214,54.24,2
297,3.9945242269398897,54.3,1
298,3.9996675152801924,54.58,1
299,4.000033882750859,54.6,1
300,4.000400116045559,54.62,2
301,4.00460218672124,54.85,1
302,4.005513348515485,54.9,1
303,4.007333185232471,55.0,799
304,4.007514986887367,55.01,1
305,4.012230265845171,55.27,1
306,4.014037930834876,55.37,1
307,4.014579593753238,55.4,1
308,4.0163830207523885,55.5,2
309,4.018183201256536,55.6,1
310,4.018722624087202,55.63,1
311,4.018902367055242,55.64,2
312,4.020339148911605,55.72,1
313,4.020877410340228,55.75,1
314,4.022490458454117,55.84,1
315,4.02535169073515,56.0,577
316,4.026957543520246,56.09,5
317,4.033709523684745,56.47,1
318,4.034240638152395,56.5,1
319,4.0353020215883175,56.56,3
320,4.040943785494986,56.88,2
321,4.04305126783455,57.0,588
322,4.050392674692918,57.42,1
323,4.0505668148762055,57.43,1
324,4.051784947803305,57.5,2
325,4.056815750329687,57.79,1
326,4.056988775678332,57.8,2
327,4.06009812349351,57.98,1
328,4.060443010546419,58.0,713
329,4.062165663857866,58.1,3
330,4.062509838702082,58.12,1
331,4.064057161283644,58.21,1
332,4.065945087700403,58.32,1
333,4.0683427596831,58.46,1
334,4.069026754237811,58.5,3
335,4.069368576151923,58.52,1
336,4.070734696582967,58.6,2
337,4.0715875750994845,58.65,4
338,4.072439726834051,58.7,2
339,4.073801660990771,58.78,1
340,4.07567129695648,58.89,1
341,4.075841090657541,58.9,1
342,4.076519977309548,58.94,1
343,4.07753744390572,59.0,510
344,4.077706921069077,59.01,1
345,4.079400114836278,59.11,1
346,4.080583646972063,59.18,1
347,4.081934542145419,59.26,1
348,4.082777925850635,59.31,1
349,4.083283614862676,59.34,1
350,4.083452121055677,59.35,1
351,4.08446256236765,59.41,1
352,4.085976312551584,59.5,1
353,4.088326489896538,59.64,1
354,4.091005660956586,59.8,2
355,4.091674333666222,59.84,4
356,4.092676505121403,59.9,1
357,4.093177214470094,59.93,1
358,4.0943445622221,60.0,1302
359,4.0975062255596795,60.19,1
360,4.097838451476356,60.21,1
361,4.098336583491638,60.24,1
362,4.099497927462895,60.31,1
363,4.100989104940769,60.4,1
364,4.101651137404539,60.44,2
365,4.101816577060802,60.45,2
366,4.101981989351312,60.46,1
367,4.1021473742851216,60.47,4
368,4.102643365036796,60.5,2
369,4.1067670822206574,60.75,1
370,4.1082474673910925,60.84,1
371,4.110709916308365,60.99,1
372,4.110873864173311,61.0,429
373,4.111856987306732,61.06,1
374,4.113002744040634,61.13,1
375,4.11414718951828,61.2,1
376,4.115779842942166,61.3,2
377,4.116595171156921,61.35,1
378,4.118549250918918,61.47,1
379,4.119199763220277,61.51,1
380,4.120174738923119,61.57,2
381,4.122283930911342,61.7,1
382,4.123903364463645,61.8,1
383,4.124388683570477,61.83,2
384,4.127134385045092,62.0,728
385,4.128262780425561,62.07,1
386,4.12955081795672,62.15,1
387,4.131640346965797,62.28,1
388,4.131961425793407,62.3,1
389,4.132442850820759,62.33,2
390,4.133405006122695,62.39,1
391,4.133565275375382,62.4,5
392,4.135166556742356,62.5,2
393,4.1356464415792065,62.53,1
394,4.13596623691292,62.55,1
395,4.136765278106052,62.6,1
396,4.139158578011894,62.75,3
397,4.141546163706395,62.9,1
398,4.143134726391533,63.0,696
399,4.145196092379535,63.13,1
400,4.146778872070522,63.23,1
401,4.148517041110494,63.34,1
402,4.148990563335426,63.37,1
403,4.14946386144318,63.4,2
404,4.149779269110201,63.42,2
405,4.150252194160397,63.45,1
406,4.150724895658208,63.48,1
407,4.151039905898646,63.5,1
408,4.153399325003416,63.65,1
409,4.156223299267966,63.83,1
410,4.158726821151369,63.99,1
411,4.1588830833596715,64.0,817
412,4.162470391269701,64.23,1
413,4.163092959383195,64.27,1
414,4.165734558308774,64.44,3
415,4.1666652238017265,64.5,4
416,4.1675950239616935,64.56,1
417,4.168523960396352,64.62,1
418,4.169761201506855,64.7,1
419,4.171768459186905,64.83,1
420,4.1726935286330775,64.89,1
421,4.17315574264639,64.92,2
422,4.174387269895637,65.0,840
423,4.175770927584296,65.09,1
424,4.175924549214524,65.1,2
425,4.1802164012960645,65.38,1
426,4.182050142641207,65.5,3
427,4.184337600748806,65.65,1
428,4.187531276948218,65.86,1
429,4.188138441508461,65.9,1
430,4.18950321539533,65.99,1
431,4.189654742026425,66.0,467
432,4.189806245700679,66.01,4
433,4.190412030968334,66.05,1
434,4.191168746857641,66.1,1
435,4.191320021345486,66.11,1
436,4.194189897191817,66.3,1
437,4.196299284745094,66.44,1
438,4.196449785159254,66.45,1
439,4.197201947661808,66.5,1
440,4.198704577546343,66.6,1
441,4.200654626915515,66.73,1
442,4.2017030805426,66.8,3
443,4.202899968776446,66.88,1
444,4.204394067366058,66.98,1
445,4.204692619390966,67.0,654
446,4.205289456173828,67.04,1
447,4.205885936955008,67.08,1
448,4.206333064170148,67.11,1
449,4.207673247529104,67.2,2
450,4.208417018481948,67.25,3
451,4.208714372037514,67.27,1
452,4.209160236650682,67.3,3
453,4.209457369322605,67.32,1
454,4.210645017918261,67.4,1
455,4.211831257677767,67.48,1
456,4.215086179918229,67.7,1
457,4.21582445975981,67.75,1
458,4.216562194946349,67.8,1
459,4.2174467593560845,67.86,1
460,4.21803603456465,67.9,1
461,4.218772140597153,67.95,1
462,4.219507705176107,68.0,788
463,4.220242729097475,68.05,1
464,4.221711158142542,68.15,1
465,4.222004585374694,68.17,2
466,4.222151266709757,68.18,1
467,4.222444564849416,68.2,1
468,4.223909766576744,68.3,1
469,4.224348908792687,68.33,1
470,4.226395693132972,68.47,1
471,4.22683374526818,68.5,1
472,4.226979720014808,68.51,1
473,4.22829253473184,68.6,1
474,4.228584037430304,68.62,5
475,4.231203744939298,68.8,1
476,4.231930225174664,68.85,1
477,4.232511029605105,68.89,2
478,4.232946411659729,68.92,1
479,4.23410650459726,69.0,468
480,4.237723145067448,69.25,1
481,4.237867538974276,69.26,1
482,4.238444906195857,69.3,1
483,4.241614480957137,69.52,1
484,4.241902126579715,69.54,1
485,4.242477169723796,69.58,2
486,4.2431955089544555,69.63,3
487,4.243482700225814,69.65,1
488,4.244056835450428,69.69,1
489,4.244200317766478,69.7,1
490,4.24592050167689,69.82,1
491,4.246350085702971,69.85,1
492,4.248352374701448,69.99,1
493,4.248495242049359,70.0,1112
494,4.249637446628136,70.08,1
495,4.250208060053033,70.12,1
496,4.251348311031766,70.2,1
497,4.252629541187814,70.29,3
498,4.25291403621107,70.31,1
499,4.254193263163997,70.4,2
500,4.254619308757319,70.43,1
501,4.255612709818223,70.5,2
502,4.25575454373095,70.51,1
503,4.256746818247124,70.58,1
504,4.2581626474514955,70.68,3
505,4.260847212822164,70.87,1
506,4.261411467315905,70.91,1
507,4.2626798770413155,71.0,363
508,4.263383854543109,71.05,1
509,4.263806003286451,71.08,1
510,4.264509188745424,71.13,1
511,4.264649766520309,71.14,1
512,4.26549281841793,71.2,2
513,4.266615783162554,71.28,1
514,4.266756065129537,71.29,1
515,4.26689632742025,71.3,1
516,4.267457179930745,71.34,1
517,4.268717949166882,71.43,1
518,4.268997904375876,71.45,1
519,4.269697449699962,71.5,1
520,4.27039650600246,71.55,1
521,4.2710950739666,71.6,1
522,4.271653577192511,71.64,1
523,4.272490747605575,71.7,1
524,4.274162988797936,71.82,4
525,4.276666119016055,72.0,1080
526,4.278608675475393,72.14,1
527,4.279301532151069,72.19,1
528,4.280547465724028,72.28,1
529,4.281100716083921,72.32,1
530,4.281930018135596,72.38,1
531,4.28206816830505,72.39,1
532,4.282620578207235,72.43,2
533,4.283862385886651,72.52,1
534,4.285378059618076,72.63,3
535,4.286341384539473,72.7,1
536,4.28771595520264,72.8,2
537,4.289088639014612,72.9,1
538,4.289225803818339,72.91,1
539,4.290459441148391,73.0,466
540,4.29606016612269,73.41,1
541,4.296877159632186,73.47,1
542,4.29714934254078,73.49,1
543,4.297285406218791,73.5,3
544,4.297829475873126,73.54,5
545,4.298101399736121,73.56,2
546,4.298916727950875,73.62,4
547,4.299188356364877,73.64,1
548,4.30406509320417,74.0,654
549,4.306090068583941,74.15,1
550,4.306224921257599,74.16,2
551,4.310799125385514,74.5,1
552,4.312140507209715,74.6,3
553,4.312274546483423,74.61,1
554,4.3134800921387715,74.7,3
555,4.314550469548967,74.78,1
556,4.316153890523174,74.9,2
557,4.316420877575887,74.92,1
558,4.316821224548606,74.95,1
559,4.31748811353631,75.0,670
560,4.318287793706875,75.06,1
561,4.319353040145823,75.14,1
562,4.324132656254979,75.5,1
563,4.3254562831854875,75.6,1
564,4.325985243790257,75.64,7
565,4.326910252115215,75.71,2
566,4.327702435943282,75.77,1
567,4.327834405590455,75.78,3
568,4.328098292648326,75.8,1
569,4.3288895362607525,75.86,1
570,4.3291531450668135,75.88,1
571,4.3294166844015844,75.9,7
572,4.3296801543016725,75.92,1
573,4.330075229041782,75.95,1
574,4.330733340286331,76.0,691
575,4.331391018705302,76.05,1
576,4.332573750954351,76.14,1
577,4.333623895445714,76.22,1
578,4.334017415487521,76.25,1
579,4.334148554429418,76.26,6
580,4.3342796761761475,76.27,1
581,4.3344107807322185,76.28,1
582,4.335458998857547,76.36,1
583,4.335982696172475,76.4,3
584,4.336375289254793,76.43,1
585,4.33729074083249,76.5,3
586,4.339380059952409,76.66,1
587,4.339510497570803,76.67,1
588,4.33990170837321,76.7,1
589,4.341204640153626,76.8,1
590,4.342375829044089,76.89,1
591,4.343415735546226,76.97,1
592,4.343805421853684,77.0,457
593,4.345881188037528,77.16,1
594,4.346010780469512,77.17,2
595,4.346140356109473,77.18,1
596,4.346269914961763,77.19,1
597,4.3463994570307305,77.2,8
598,4.347176357238135,77.26,1
599,4.350277936359301,77.5,1
600,4.35208275830081,77.64,1
601,4.3527265489623295,77.69,1
602,4.3528552573736015,77.7,1
603,4.353627160152183,77.76,1
604,4.354141431184346,77.8,1
605,4.354526960971297,77.83,1
606,4.356067595503785,77.95,3
607,4.356708826689592,78.0,634
608,4.357477761752469,78.06,1
609,4.358246106008478,78.12,1
610,4.358630056867486,78.15,9
611,4.35939751661352,78.21,1
612,4.361823927356363,78.4,1
613,4.363098624788363,78.5,1
614,4.363226005210164,78.51,1
615,4.364244464878084,78.59,2
616,4.3644989178056655,78.61,1
617,4.364880475838911,78.64,1
618,4.365261888341151,78.67,1
619,4.366912996863833,78.8,3
620,4.367547313409047,78.85,1
621,4.368307962532944,78.91,1
622,4.369194655858504,78.98,4
623,4.3694478524670215,79.0,362
624,4.3703335360828355,79.07,1
625,4.370965687314457,79.12,3
626,4.37197629882038,79.2,1
627,4.372355014977151,79.23,1
628,4.373112017284307,79.29,1
629,4.37449836825309,79.4,1
630,4.376134308969044,79.53,3
631,4.377516479195996,79.64,1
632,4.378269585796169,79.7,2
633,4.379648809887917,79.81,1
634,4.380149874661021,79.85,1
635,4.380775852772229,79.9,2
636,4.382026634673881,80.0,917
637,4.386018655943419,80.32,1
638,4.386143150185721,80.33,7
639,4.386267628931136,80.34,3
640,4.386516539946734,80.36,1
641,4.388257184424518,80.5,1
642,4.388381400311889,80.51,1
643,4.389498649512583,80.6,1
644,4.38974675768902,80.62,1
645,4.390986376045354,80.72,1
646,4.391729410135267,80.78,1
647,4.394449154672439,81.0,361
648,4.3945726038424,81.01,1
649,4.394942859940428,81.04,1
650,4.396299293960601,81.15,3
651,4.396792086874355,81.19,1
652,4.396915247167632,81.2,1
653,4.398146016553765,81.3,1
654,4.3987608336650466,81.35,1
655,4.399129542573544,81.38,1
656,4.3992524153389505,81.39,3
657,4.399375273008495,81.4,2
658,4.399498115585886,81.41,1
659,4.401829261970061,81.6,1
660,4.403421131528038,81.73,1
661,4.405376883282097,81.89,2
662,4.4057431612911975,81.92,1
663,4.406719247264253,82.0,575
664,4.40684119104832,82.01,1
665,4.40745068701404,82.06,1
666,4.407938016458383,82.1,1
667,4.408668565620303,82.16,2
668,4.410857016341759,82.34,1
669,4.411585436915426,82.4,1
670,4.412555839708705,82.48,1
671,4.414130738574414,82.61,1
672,4.4146148242670336,82.65,1
673,4.415219602029645,82.7,1
674,4.415340513703815,82.71,1
675,4.415824014257172,82.75,3
676,4.417514427603435,82.89,1
677,4.418840607796598,83.0,368
678,4.420044701861403,83.1,1
679,4.420405647542997,83.13,1
680,4.421006934314765,83.18,2
681,4.422448549172797,83.3,1
682,4.423048609196803,83.35,1
683,4.423648309364701,83.4,2
684,4.42484663185681,83.5,3
685,4.425205848767815,83.53,5
686,4.425684604013345,83.57,1
687,4.4275973362163406,83.73,2
688,4.428313668625195,83.79,4
689,4.429983118094737,83.93,2
690,4.430816798843313,84.0,564
691,4.431649785147205,84.07,6
692,4.436751534363128,84.5,1
693,4.437934266612178,84.6,2
694,4.438525108579144,84.65,1
695,4.439115601658009,84.7,1
696,4.439351701293151,84.72,1
697,4.43970574626056,84.75,1
698,4.441709636835055,84.92,2
699,4.441945124885125,84.94,1
700,4.442180557493629,84.96,1
701,4.442651256490317,85.0,626
702,4.444884056054749,85.19,1
703,4.445118797839864,85.21,1
704,4.445470807230416,85.24,1
705,4.445705411337064,85.26,1
706,4.44640889360315,85.32,1
707,4.448399410038142,85.49,1
708,4.448516375942715,85.5,2
709,4.448633328167864,85.51,2
710,4.449217884214205,85.56,2
711,4.4526015873434845,85.85,2
712,4.45295097301058,85.88,1
713,4.453067407778134,85.89,1
714,4.45318382899021,85.9,1
715,4.453765731828859,85.95,1
716,4.454347296253507,86.0,516
717,4.454696072633257,86.03,1
718,4.454928522657548,86.05,1
719,4.4569021693189885,86.22,1
720,4.457134107160687,86.24,1
721,4.458524605646606,86.36,1
722,4.459219130503787,86.42,1
723,4.4596818792394854,86.46,1
724,4.460144413937834,86.5,2
725,4.460953335227682,86.57,2
726,4.462338536880549,86.69,1
727,4.462453883786496,86.7,1
728,4.463606621666305,86.8,1
729,4.465908118654584,87.0,539
730,4.466712392840524,87.07,2
731,4.467401256243195,87.13,1
732,4.46843366241462,87.22,2
733,4.469923036580066,87.35,2
734,4.471638793363569,87.5,1
735,4.471981591744346,87.53,2
736,4.47209583176275,87.54,1
737,4.4728951466782725,87.61,1
738,4.47403591796329,87.71,1
739,4.475061500641071,87.8,1
740,4.475175389371905,87.81,1
741,4.477336814478207,88.0,422
742,4.479380179929792,88.18,2
743,4.480740107609915,88.3,3
744,4.481193006168381,88.34,1
745,4.482437420605795,88.45,1
746,4.482889551279259,88.49,1
747,4.4836802884003815,88.56,1
748,4.484357565771344,88.62,2
749,4.486386649998124,88.8,2
750,4.48796198508255,88.94,1
751,4.488299234256676,88.97,1
752,4.48863636973214,89.0,472
753,4.489422577443778,89.07,1
754,4.49020816751841,89.14,1
755,4.4942386252808095,89.5,5
756,4.49647076906475,89.7,1
757,4.497250843768597,89.77,1
758,4.498475447317128,89.88,1
759,4.498697941477575,89.9,1
760,4.499142781342561,89.94,1
761,4.499476281429027,89.97,1
762,4.499809670330265,90.0,1060
763,4.500920164614292,90.1,2
764,4.502029427068578,90.2,1
765,4.50225113198025,90.22,1
766,4.502583597212991,90.25,1
767,4.5031374604229395,90.3,2
768,4.503580330226458,90.34,1
769,4.504244267398131,90.4,1
770,4.504797211841304,90.45,1
771,4.505128831807865,90.48,1
772,4.505570820765336,90.52,2
773,4.505681287487349,90.53,1
774,4.505902184329423,90.55,1
775,4.507667604626853,90.71,3
776,4.51085950651685,91.0,273
777,4.5134933974161875,91.24,1
778,4.515245478460105,91.4,1
779,4.517431271680085,91.6,3
780,4.517976974285714,91.65,2
781,4.518413322061809,91.69,1
782,4.519394408966687,91.78,1
783,4.519503359231,91.79,1
784,4.519830138821076,91.82,2
785,4.5205922095127935,91.89,2
786,4.5217885770490405,92.0,451
787,4.5224405383890955,92.06,2
788,4.524393875960803,92.24,4
789,4.525802250604519,92.37,4
790,4.526126978647638,92.4,2
791,4.5263434054421205,92.42,2
792,4.527749039019507,92.55,2
793,4.528289141652134,92.6,1
794,4.531954123656832,92.94,1
795,4.532599493153256,93.0,424
796,4.533029508210409,93.04,1
797,4.533459338434091,93.08,2
798,4.53431844501614,93.16,1
799,4.534425781462334,93.17,1
800,4.535927283245931,93.31,1
801,4.536034447153229,93.32,1
802,4.537961436294641,93.5,2
803,4.538175317163813,93.52,1
804,4.541378052900312,93.82,1
805,4.543294782270004,94.0,471
806,4.546693256229116,94.32,1
807,4.546905277856116,94.34,2
808,4.547541073151455,94.4,7
809,4.54775291511814,94.42,1
810,4.547964712217312,94.44,1
811,4.548599834499697,94.5,2
812,4.549657476057832,94.6,1
813,4.550714000192032,94.7,2
814,4.5512418439625355,94.75,2
815,4.551769409260976,94.8,1
816,4.5529290741424004,94.91,1
817,4.553876891600541,95.0,414
818,4.555664766084252,95.17,2
819,4.55597994179732,95.2,1
820,4.557029810660157,95.3,1
821,4.557134736949535,95.31,1
822,4.557344556505487,95.33,1
823,4.557764063590821,95.37,1
824,4.5582882000879605,95.42,1
825,4.558392994429163,95.43,1
826,4.5592309540466465,95.51,1
827,4.559963593150012,95.58,2
828,4.562993107088905,95.87,1
829,4.564348191467836,96.0,479
830,4.566948973167894,96.25,2
831,4.568817356522293,96.43,1
832,4.56954300834494,96.5,1
833,4.570164576789276,96.56,1
834,4.572130331909891,96.75,1
835,4.573473099244837,96.88,1
836,4.574710978503383,97.0,403
837,4.574814065973192,97.01,1
838,4.575741375297279,97.1,1
839,4.578826210648489,97.4,12
840,4.579852378003801,97.5,1
841,4.580877493419047,97.6,3
842,4.582924577040772,97.8,1
843,4.583537885860977,97.86,1
844,4.583742238574471,97.88,2
845,4.584967478670572,98.0,564
846,4.585069514281089,98.01,1
847,4.585375558659912,98.04,2
848,4.586395030661757,98.14,1
849,4.58700621536042,98.2,1
850,4.5873116676867784,98.23,1
851,4.58751525074937,98.25,1
852,4.589040804058207,98.4,16
853,4.589142424910894,98.41,2
854,4.590462557115817,98.54,2
855,4.591375474965902,98.63,2
856,4.59511985013459,99.0,277
857,4.5954228345332115,99.03,2
858,4.596129441335942,99.1,1
859,4.597138014290827,99.2,1
860,4.599353300666526,99.42,2
861,4.600157644164547,99.5,2
862,4.600258141627071,99.51,1
863,4.603568904621118,99.84,1
864,4.604970165985424,99.98,1
865,4.605170185988092,100.0,903
866,4.605470140997089,100.03,2
867,4.606069781230928,100.09,1
868,4.607467545036775,100.23,4
869,4.607766811835357,100.26,1
870,4.608265390895394,100.31,1
871,4.609460967405248,100.43,1
872,4.61015772749913,100.5,1
873,4.610555658264429,100.54,1
874,4.610754564281992,100.56,1
875,4.612939923252452,100.78,1
876,4.6141299273595635,100.9,3
877,4.61512051684126,101.0,277
878,4.6166045636137545,101.15,1
879,4.616703421801764,101.16,1
880,4.616802270217799,101.17,2
881,4.624972813284271,102.0,322
882,4.628886712605407,102.4,3
883,4.629570072811626,102.47,1
884,4.6315199613108735,102.67,1
885,4.631812116934513,102.7,3
886,4.632785353021065,102.8,1
887,4.633757642840004,102.9,2
888,4.634243433473799,102.95,1
889,4.634728988229636,103.0,359
890,4.636571949127623,103.19,1
891,4.638604962074329,103.4,2
892,4.640344260995746,103.58,1
893,4.642465970731788,103.8,1
894,4.6443908991413725,104.0,399
895,4.644487048365042,104.01,1
896,4.648133885420207,104.39,1
897,4.648229675448539,104.4,2
898,4.649569773284776,104.54,1
899,4.651385609785055,104.73,1
900,4.651481088851342,104.74,1
901,4.653960350157523,105.0,487
902,4.656433479925633,105.26,9
903,4.658142070754197,105.44,1
904,4.658616161693717,105.49,2
905,4.659847747278787,105.62,1
906,4.663439094112067,106.0,386
907,4.664382045619937,106.1,1
908,4.6659830253846035,106.27,1
909,4.666359354300514,106.31,1
910,4.667863255326515,106.47,1
911,4.66814498514948,106.5,1
912,4.6709579265260945,106.8,1
913,4.672828834461906,107.0,344
914,4.673015732883159,107.02,1
915,4.677490847567717,107.5,2
916,4.678141798443914,107.57,1
917,4.678699419276207,107.63,1
918,4.6798137289838575,107.75,1
919,4.68213122712422,108.0,515
920,4.684720464746101,108.28,1
921,4.685089809163965,108.32,1
922,4.687395126243761,108.57,1
923,4.687579322228809,108.59,1
924,4.687671407499835,108.6,2
925,4.688959711717774,108.74,1
926,4.690521853087595,108.91,2
927,4.6913478822291435,109.0,232
928,4.691439621140267,109.01,1
929,4.695285075430352,109.43,4
930,4.698478363121743,109.78,1
931,4.699388861227073,109.88,1
932,4.700480365792417,110.0,727
933,4.70211539204457,110.18,1
934,4.707726774313183,110.8,1
935,4.709530201312334,111.0,175
936,4.7098904967584945,111.04,1
937,4.7104306966455844,111.1,1
938,4.714293613006445,111.53,1
939,4.716532653841552,111.78,1
940,4.718498871295094,112.0,412
941,4.7187666925706315,112.03,1
942,4.721796997919811,112.37,1
943,4.722953221644475,112.5,4
944,4.723486412806134,112.56,1
945,4.7252616662459115,112.76,1
946,4.725527682651825,112.79,1
947,4.725616339063959,112.8,2
948,4.727387818712341,113.0,287
949,4.730215674962316,113.32,1
950,4.731450351898421,113.46,1
951,4.7318028369214575,113.5,1
952,4.735145262409837,113.88,2
953,4.735320870453137,113.9,1
954,4.736198448394496,114.0,381
955,4.737338149565509,114.13,1
956,4.73795129722191,114.2,2
957,4.738826570800765,114.3,1
958,4.740138046398576,114.45,1
959,4.740574822994295,114.5,1
960,4.741447804280639,114.6,2
961,4.742058438050213,114.67,1
962,4.742842991113164,114.76,1
963,4.743104372077405,114.79,1
964,4.744758200195145,114.98,1
965,4.74493212836325,115.0,494
966,4.748837535800504,115.45,1
967,4.749357106300589,115.51,1
968,4.74970333672039,115.55,1
969,4.750827758410455,115.68,4
970,4.751432692966343,115.75,1
971,4.751605464217637,115.77,3
972,4.751864565138895,115.8,1
973,4.753072815911587,115.94,1
974,4.753245304053455,115.96,1
975,4.7535901911063645,116.0,417
976,4.759435144999521,116.68,1
977,4.762173934797756,117.0,334
978,4.76234486036009,117.02,1
979,4.76260119393692,117.05,1
980,4.7626866238630745,117.06,2
981,4.764308407326388,117.25,2
982,4.765501724890431,117.39,1
983,4.7664383335842135,117.5,3
984,4.767969076293182,117.68,1
985,4.769327772154375,117.84,2
986,4.76941262938214,117.85,1
987,4.769667157869494,117.88,1
988,4.770684624465665,118.0,331
989,4.772208885917529,118.18,2
990,4.7746597639666675,118.47,1
991,4.775756486563625,118.6,1
992,4.776599301615622,118.7,1
993,4.77676777941907,118.72,1
994,4.778282803696737,118.9,1
995,4.778703236748966,118.95,1
996,4.77912349311153,119.0,212
997,4.779795536147575,119.08,1
998,4.780467127845082,119.16,1
999,4.780634955318833,119.18,1
1000,4.7808027546312495,119.2,1
1001,4.78164132910387,119.3,1
1002,4.782646691118846,119.42,1
1003,4.783316371371566,119.5,1
1004,4.785823685681349,119.8,3
1005,4.787491742782046,120.0,822
1006,4.788324729085938,120.1,1
1007,4.791317747615575,120.46,1
1008,4.791649752930709,120.5,1
1009,4.793142414290861,120.68,1
1010,4.793308128103486,120.7,1
1011,4.795790545596741,121.0,243
1012,4.798266815950004,121.3,1
1013,4.79966731871218,121.47,1
1014,4.800078858287518,121.52,1
1015,4.802134019518916,121.77,1
1016,4.804021044733257,122.0,345
1017,4.804840381116659,122.1,1
1018,4.805659046737495,122.2,1
1019,4.808111029984782,122.5,1
1020,4.808682295353074,122.57,1
1021,4.808927023502111,122.6,2
1022,4.809334770704498,122.65,1
1023,4.812184355372417,123.0,228
1024,4.814214812922799,123.25,2
1025,4.816241156068032,123.5,2
1026,4.817131447899731,123.61,1
1027,4.818828898091086,123.82,1
1028,4.820281565605037,124.0,264
1029,4.82116826914143,124.11,1
1030,4.824305715904762,124.5,2
1031,4.825910852685991,124.7,1
1032,4.825991041932656,124.71,1
1033,4.826311734631628,124.75,1
1034,4.826952811662959,124.83,1
1035,4.827032917402579,124.84,1
1036,4.827513417131532,124.9,1
1037,4.8283137373023015,125.0,406
1038,4.828793622139152,125.06,1
1039,4.832305758571839,125.5,1
1040,4.832704085603594,125.55,1
1041,4.833102254034098,125.6,2
1042,4.8338981155962015,125.7,1
1043,4.83397766692674,125.71,1
1044,4.834534349115358,125.78,3
1045,4.834613849850781,125.79,1
1046,4.836281906951478,126.0,315
1047,4.838501663689791,126.28,2
1048,4.839846973115974,126.45,3
1049,4.840242308167575,126.5,1
1050,4.841269448462517,126.63,2
1051,4.841664221670439,126.68,1
1052,4.844187086458591,127.0,264
1053,4.845288841508263,127.14,1
1054,4.848194792895451,127.51,2
1055,4.848821997933652,127.59,1
1056,4.849840367846581,127.72,3
1057,4.851795861449505,127.97,1
1058,4.852030263919617,128.0,279
1059,4.853903508301298,128.24,1
1060,4.855851080295389,128.49,1
1061,4.855928904335275,128.5,2
1062,4.856551278713541,128.58,1
1063,4.859812404361672,129.0,200
1064,4.861361591348501,129.2,2
1065,4.862753810615839,129.38,1
1066,4.863449194070556,129.47,1
1067,4.865840709193022,129.78,1
1068,4.866456947080341,129.86,12
1069,4.8672267108008995,129.96,1
1070,4.867534450455582,130.0,688
1071,4.872828106608945,130.69,1
1072,4.873669439023098,130.8,1
1073,4.874433672915854,130.9,1
1074,4.875197323201151,131.0,156
1075,4.877027708092901,131.24,2
1076,4.877180089045576,131.26,1
1077,4.87870262283543,131.46,1
1078,4.879539029377747,131.57,1
1079,4.881057978557161,131.77,2
1080,4.881740753685154,131.86,1
1081,4.882801922586371,132.0,279
1082,4.883104906984992,132.04,2
1083,4.884315927417586,132.2,1
1084,4.888994828112567,132.82,1
1085,4.8895969657192,132.9,1
1086,4.890349128221754,133.0,179
1087,4.890724997423698,133.05,1
1088,4.892227063045954,133.25,1
1089,4.895598484107897,133.7,1
1090,4.8970185673092885,133.89,1
1091,4.897839799950911,134.0,328
1092,4.897989042545024,134.02,1
1093,4.9049043394640135,134.95,1
1094,4.904978438237713,134.96,1
1095,4.90527477843843,135.0,298
1096,4.905422915613724,135.02,1
1097,4.9104465668408235,135.7,1
1098,4.911109574710704,135.79,1
1099,4.911183215124596,135.8,1
1100,4.911624943763156,135.86,1
1101,4.912654885736052,136.0,255
1102,4.914858338702487,136.3,2
1103,4.916397872014886,136.51,1
1104,4.917642427247091,136.68,1
1105,4.919980925828125,137.0,263
1106,4.920345822748795,137.05,1
1107,4.923478451981633,137.48,2
1108,4.923623917106626,137.5,1
1109,4.924278248439725,137.59,1
1110,4.927253685157205,138.0,220
1111,4.927615938376164,138.05,1
1112,4.930870325627393,138.5,1
1113,4.9344739331306915,139.0,128
1114,4.9383512985110904,139.54,1
1115,4.939640419938631,139.72,1
1116,4.941285215961463,139.95,1
1117,4.941642422609304,140.0,641
1118,4.945349827397626,140.52,1
1119,4.946843161008476,140.73,1
1120,4.948759890378168,141.0,176
1121,4.949256221086411,141.07,1
1122,4.951168335262708,141.34,1
1123,4.951734186176095,141.42,1
1124,4.952582362647639,141.54,1
1125,4.955827057601261,142.0,270
1126,4.957375154455372,142.22,1
1127,4.958007776695569,142.31,1
1128,4.960394077659509,142.65,1
1129,4.960674444942484,142.69,1
1130,4.960744524482791,142.7,1
1131,4.962844630259907,143.0,188
1132,4.964730961905281,143.27,1
1133,4.9652194305657735,143.34,1
1134,4.965847111306122,143.43,1
1135,4.96884060443921,143.86,1
1136,4.9690491187753265,143.89,1
1137,4.969813299576001,144.0,431
1138,4.970299292573381,144.07,1
1139,4.9703687008677,144.08,1
1140,4.970507503005476,144.1,2
1141,4.971894465779825,144.3,1
1142,4.972864196409257,144.44,1
1143,4.973694646283973,144.56,2
1144,4.973971309724664,144.6,1
1145,4.97480084108704,144.72,2
1146,4.975629684897441,144.84,1
1147,4.976733742420574,145.0,321
1148,4.976802705559804,145.01,1
1149,4.977354239527593,145.09,1
1150,4.983606621708336,146.0,148
1151,4.987025428457122,146.5,1
1152,4.988730458708206,146.75,1
1153,4.990432586778736,147.0,209
1154,4.991248580296066,147.12,1
1155,4.992267636738071,147.27,1
1156,4.996536369716754,147.9,1
1157,4.997212273764115,148.0,230
1158,5.001459996160803,148.63,1
1159,5.003946305945459,149.0,152
1160,5.004818408774691,149.13,1
1161,5.0072963928307415,149.5,1
1162,5.0106352940962555,150.0,711
1163,5.015954455573856,150.8,1
1164,5.016617365773803,150.9,1
1165,5.017279836814924,151.0,196
1166,5.0180742231932545,151.12,1
1167,5.021970803760001,151.71,1
1168,5.0238805208462765,152.0,244
1169,5.025261146291576,152.21,2
1170,5.025392535071163,152.23,2
1171,5.025917917627413,152.31,2
1172,5.0269022665601275,152.46,1
1173,5.0271645960474665,152.5,1
1174,5.028278729268851,152.67,1
1175,5.0287371294602385,152.74,2
1176,5.030437921392435,153.0,228
1177,5.032201072010817,153.27,1
1178,5.032527240512354,153.32,1
1179,5.033114075856682,153.41,1
1180,5.033570265378752,153.48,1
1181,5.034026246886832,153.55,1
1182,5.034677288576494,153.65,1
1183,5.034937586619221,153.69,1
1184,5.035132765696643,153.72,1
1185,5.035262863920986,153.74,1
1186,5.035523009604034,153.78,1
1187,5.036043098030789,153.86,2
1188,5.0368227238499035,153.98,1
1189,5.0369526024136295,154.0,210
1190,5.03935231819375,154.37,1
1191,5.040064638120259,154.48,1
1192,5.040258819162327,154.51,1
1193,5.043425116919247,155.0,230
1194,5.049856007249537,156.0,191
1195,5.0530560099802075,156.5,1
1196,5.054971107916307,156.8,2
1197,5.056245805348308,157.0,174
1198,5.05790048656337,157.26,1
1199,5.060948107969845,157.74,1
1200,5.061961921261596,157.9,1
1201,5.062595033026967,158.0,170
1202,5.067960360715525,158.85,2
1203,5.0689042022202315,159.0,140
1204,5.069847153728102,159.15,4
1205,5.073171812563154,159.68,1
1206,5.075173815233827,160.0,714
1207,5.077670695432414,160.4,1
1208,5.07773303762875,160.41,1
1209,5.078107009211268,160.47,1
1210,5.0795392727434665,160.7,1
1211,5.080969487830403,160.93,1
1212,5.081404364984463,161.0,124
1213,5.0821494289702525,161.12,1
1214,5.084938485288739,161.57,2
1215,5.085124146086995,161.6,1
1216,5.0869788606835895,161.9,1
1217,5.087596335232384,162.0,181
1218,5.090678001769792,162.5,2
1219,5.0907395383379175,162.51,1
1220,5.093750200806762,163.0,151
1221,5.094424819825939,163.11,1
1222,5.095956354416355,163.36,1
1223,5.096812990337308,163.5,1
1224,5.097179895496441,163.56,1
1225,5.097913302203317,163.68,1
1226,5.099866427824199,164.0,162
1227,5.104611250887444,164.78,1
1228,5.10594547390058,165.0,252
1229,5.107519991273039,165.26,1
1230,5.111987788356544,166.0,131
1231,5.1149953094204985,166.5,1
1232,5.116435712982468,166.74,1
1233,5.117993812416755,167.0,211
1234,5.118592435601348,167.1,1
1235,5.121102747122227,167.52,2
1236,5.121460849185141,167.58,1
1237,5.122176668829163,167.7,1
1238,5.122474775851791,167.75,1
1239,5.122534386593665,167.76,1
1240,5.123963979403259,168.0,227
1241,5.126520233210295,168.43,1
1242,5.126935749792416,168.5,1
1243,5.127706965682093,168.63,1
1244,5.128121989551922,168.7,2
1245,5.1298987149230735,169.0,146
1246,5.132262782217954,169.4,1
1247,5.1328529268205045,169.5,2
1248,5.135798437050262,170.0,547
1249,5.136504070385433,170.12,3
1250,5.137444140959952,170.28,1
1251,5.14166355650266,171.0,139
1252,5.144583266605995,171.5,2
1253,5.145399260123324,171.64,1
1254,5.14574876790343,171.7,1
1255,5.147494476813453,172.0,172
1256,5.147843253193202,172.06,2
1257,5.1502233083033095,172.47,2
1258,5.152597712198631,172.88,4
1259,5.153291594497779,173.0,144
1260,5.155947025256309,173.46,1
1261,5.157905212831292,173.8,1
1262,5.158422915393977,173.89,1
1263,5.159055299214529,174.0,155
1264,5.163070217140011,174.7,1
1265,5.164214382024556,174.9,1
1266,5.1647859739235145,175.0,244
1267,5.166441745234455,175.29,1
1268,5.168948726206755,175.73,1
1269,5.170143027824529,175.94,1
1270,5.170483995038151,176.0,227
1271,5.172187089403825,176.3,1
1272,5.172867515830621,176.42,1
1273,5.173150890255142,176.47,12
1274,5.176149732573829,177.0,123
1275,5.177730403558919,177.28,1
1276,5.17953383055807,177.6,1
1277,5.180659323079804,177.8,1
1278,5.181783550292085,178.0,215
1279,5.184364486472005,178.46,2
1280,5.184420519867924,178.47,1
1281,5.185148668442399,178.6,1
1282,5.18565246089057,178.69,2
1283,5.185708422165383,178.7,2
1284,5.187385805840755,179.0,121
1285,5.189004606607336,179.29,1
1286,5.192734603972972,179.96,2
1287,5.19295685089021,180.0,684
1288,5.19351225218191,180.1,1
1289,5.194622130209272,180.3,3
1290,5.19484395807176,180.34,4
1291,5.198386527922987,180.98,1
1292,5.198497031265826,181.0,135
1293,5.198883696832551,181.07,1
1294,5.199435816987919,181.17,1
1295,5.200649409369878,181.39,1
1296,5.204006687076795,182.0,178
1297,5.205653681684617,182.3,1
1298,5.206202077640231,182.4,3
1299,5.206256900698823,182.41,1
1300,5.206750173022546,182.5,1
1301,5.20893955539682,182.9,1
1302,5.209486152841421,183.0,101
1303,5.2123781418703805,183.53,1
1304,5.213086222185376,183.66,3
1305,5.214935757608986,184.0,117
1306,5.217053079717073,184.39,1
1307,5.217812051888386,184.53,1
1308,5.2192741592075835,184.8,1
1309,5.220355825078324,185.0,226
1310,5.221814220561922,185.27,1
1311,5.22305488204749,185.5,6
1312,5.225746673713202,186.0,186
1313,5.227841252743712,186.39,1
1314,5.228002192633011,186.42,1
1315,5.2284312390838705,186.5,1
1316,5.231108616854587,187.0,219
1317,5.233778845410465,187.5,3
1318,5.23606955306851,187.93,2
1319,5.236122762954919,187.94,1
1320,5.236441962829949,188.0,162
1321,5.2384611993946715,188.38,1
1322,5.240900095678086,188.84,1
1323,5.241058947707755,188.87,1
1324,5.241747015059643,189.0,126
1325,5.245232995455582,189.66,2
1326,5.247024072160486,190.0,359
1327,5.249862146278633,190.54,1
1328,5.25227342804663,191.0,157
1329,5.2533200006173,191.2,2
1330,5.2548878086207,191.5,1
1331,5.257182823189481,191.94,2
1332,5.2574953720277815,192.0,216
1333,5.259004649162495,192.29,2
1334,5.262690188904886,193.0,141
1335,5.267858159063328,194.0,100
1336,5.269763559129975,194.37,1
1337,5.270843389547282,194.58,1
1338,5.271048939393843,194.62,1
1339,5.27166533555061,194.74,1
1340,5.272589217975305,194.92,2
1341,5.272845700574368,194.97,1
1342,5.272999558563747,195.0,201
1343,5.274178350694711,195.23,1
1344,5.278114659230517,196.0,176
1345,5.2832037287379885,197.0,133
1346,5.284522655525848,197.26,1
1347,5.285434740717023,197.44,1
1348,5.288267030694535,198.0,217
1349,5.289024319636444,198.15,1
1350,5.289327074709904,198.21,1
1351,5.293304824724492,199.0,41
1352,5.295914481931726,199.52,1
1353,5.298317366548036,200.0,967
1354,5.302558360805291,200.85,1
1355,5.303304908059076,201.0,78
1356,5.30509435082706,201.36,1
1357,5.30569012087745,201.48,1
1358,5.307128434826587,201.77,1
1359,5.308267697401205,202.0,166
1360,5.312516085947849,202.86,1
1361,5.313205979041787,203.0,112
1362,5.318119993844216,204.0,150
1363,5.3230099791384085,205.0,186
1364,5.32544603393629,205.5,1
1365,5.327876168789581,206.0,137
1366,5.32884657158286,206.2,3
1367,5.330300412401088,206.5,1
1368,5.332718793265369,207.0,105
1369,5.336576078665127,207.8,1
1370,5.337057194863967,207.9,1
1371,5.337538079701318,208.0,162
1372,5.33777843542895,208.05,1
1373,5.342334251964811,209.0,87
1374,5.3471075307174685,210.0,370
1375,5.349960599699875,210.6,1
1376,5.351289251314142,210.88,1
1377,5.351858133476067,211.0,102
1378,5.3528528991960505,211.21,1
1379,5.356586274672012,212.0,120
1380,5.359976746934764,212.72,1
1381,5.360164769874117,212.76,1
1382,5.3612921657094255,213.0,59
1383,5.362699625477305,213.3,2
1384,5.365976015021851,214.0,118
1385,5.3706380281276624,215.0,126
1386,5.374259370123194,215.78,1
1387,5.375278407684165,216.0,223
1388,5.376111393988057,216.18,1
1389,5.377082335183691,216.39,1
1390,5.37989735354046,217.0,67
1391,5.382060909980896,217.47,1
1392,5.384495062789089,218.0,88
1393,5.3867860145356445,218.5,1
1394,5.387700927682722,218.7,1
1395,5.38788380990708,218.74,1
1396,5.388158070547826,218.8,3
1397,5.389071729816501,219.0,84
1398,5.392581544938119,219.77,1
1399,5.393627546352362,220.0,693
1400,5.394309132201763,220.15,1
1401,5.3981627015177525,221.0,45
1402,5.400964203508179,221.62,1
1403,5.402677381872279,222.0,77
1404,5.405645944300561,222.66,1
1405,5.406678376218101,222.89,1
1406,5.407171771460119,223.0,66
1407,5.4116460518550396,224.0,121
1408,5.415744783424001,224.92,1
1409,5.41610040220442,225.0,167
1410,5.420534999272286,226.0,101
1411,5.424950017481403,227.0,59
1412,5.429345628954441,228.0,106
1413,5.430090965157479,228.17,1
1414,5.43372200355424,229.0,57
1415,5.433852999340729,229.03,1
1416,5.435685140840842,229.45,1
1417,5.437861893985933,229.95,1
1418,5.438079308923196,230.0,383
1419,5.440250862436703,230.5,1
1420,5.440684607834958,230.6,1
1421,5.441118165179708,230.7,2
1422,5.442417710521793,231.0,87
1423,5.44673737166631,232.0,105
1424,5.4480296397763635,232.3,1
1425,5.4510384535657,233.0,61
1426,5.455321115357702,234.0,119
1427,5.456047347313921,234.17,1
1428,5.458095042240426,234.65,3
1429,5.459585514144159,235.0,133
1430,5.46056375891094,235.23,1
1431,5.461031277035783,235.34,1
1432,5.4638318050256105,236.0,118
1433,5.464255444091467,236.1,1
1434,5.4646365658644855,236.19,1
1435,5.4680601411351315,237.0,65
1436,5.469620105192861,237.37,1
1437,5.472270673671475,238.0,102
1438,5.476463551931511,239.0,68
1439,5.480638923341991,240.0,497
1440,5.480805576121312,240.04,2
1441,5.4828863958824705,240.54,1
1442,5.484796933490655,241.0,80
1443,5.486248162106502,241.35,2
1444,5.487697287709437,241.7,1
1445,5.4877386604572145,241.71,1
1446,5.488937726156687,242.0,82
1447,5.4891030017541205,242.04,1
1448,5.491001710377538,242.5,1
1449,5.493061443340548,243.0,130
1450,5.493308326442654,243.06,1
1451,5.496963286261846,243.95,1
1452,5.497168225293202,244.0,109
1453,5.500523246647367,244.82,1
1454,5.501258210544727,245.0,150
1455,5.5053315359323625,246.0,82
1456,5.506144213750353,246.2,1
1457,5.506550305126492,246.3,1
1458,5.507240282222274,246.47,1
1459,5.5093883366279774,247.0,77
1460,5.511006459958388,247.4,1
1461,5.513025439041145,247.9,1
1462,5.5134287461649825,248.0,120
1463,5.5135497065909105,248.03,1
1464,5.514234872770507,248.2,1
1465,5.5143154497013755,248.22,1
1466,5.517452896464707,249.0,71
1467,5.518656990529513,249.3,1
1468,5.521460917862246,250.0,614
1469,5.5221406867670035,250.17,1
1470,5.525054453372377,250.9,1
1471,5.5254529391317835,251.0,93
1472,5.529429087511423,252.0,144
1473,5.532440421905254,252.76,3
1474,5.53338948872752,253.0,99
1475,5.537334267018537,254.0,80
1476,5.541263545158426,255.0,117
1477,5.543222409643759,255.5,1
1478,5.543339819580688,255.53,1
1479,5.545177444479562,256.0,168
1480,5.548881513438238,256.95,1
1481,5.54907608489522,257.0,67
1482,5.549581793578901,257.13,3
1483,5.552959584921617,258.0,109
1484,5.5557463958287965,258.72,2
1485,5.556171475537641,258.83,1
1486,5.556828061699537,259.0,46
1487,5.557329866276489,259.13,3
1488,5.560681631015528,260.0,339
1489,5.564520407322694,261.0,69
1490,5.566434283504978,261.5,1
1491,5.568344503761097,262.0,60
1492,5.569374507476245,262.27,2
1493,5.572154032177765,263.0,57
1494,5.575949103146316,264.0,101
1495,5.577084821610244,264.3,2
1496,5.577841251298354,264.5,1
1497,5.579729825986222,265.0,118
1498,5.581614840681993,265.5,1
1499,5.583496308781699,266.0,55
1500,5.58724865840025,267.0,119
1501,5.589493328254074,267.6,3
1502,5.5909869805108565,268.0,72
1503,5.591695684544697,268.19,1
1504,5.592925399070551,268.52,1
1505,5.594711379601839,269.0,42
1506,5.596011649126543,269.35,4
1507,5.598421958998375,270.0,350
1508,5.598866304706641,270.12,1
1509,5.599458458683974,270.28,1
1510,5.600272098286537,270.5,2
1511,5.602045017418285,270.98,1
1512,5.602118820879701,271.0,73
1513,5.605066501717044,271.8,1
1514,5.605103292798889,271.81,1
1515,5.605802066295998,272.0,55
1516,5.607198150140811,272.38,3
1517,5.607675310677678,272.51,1
1518,5.608885542786519,272.84,2
1519,5.60947179518496,273.0,82
1520,5.610679856393877,273.33,1
1521,5.6131281063880705,274.0,90
1522,5.614550452038975,274.39,3
1523,5.6151698162995975,274.56,1
1524,5.616771097666572,275.0,132
1525,5.6170983168518065,275.09,1
1526,5.618006697634797,275.34,1
1527,5.6188053907249955,275.56,1
1528,5.619929740262226,275.87,1
1529,5.62040086571715,276.0,69
1530,5.6240175061873385,277.0,52
1531,5.625496556257657,277.41,1
1532,5.627117389720715,277.86,1
1533,5.627621113690637,278.0,95
1534,5.628232437585469,278.17,1
1535,5.631032554291537,278.95,1
1536,5.631211781821365,279.0,39
1537,5.634789603169249,280.0,439
1538,5.638354669333745,281.0,43
1539,5.638639326323997,281.08,1
1540,5.638923902307705,281.16,1
1541,5.63981268065158,281.41,1
1542,5.641907070938114,282.0,40
1543,5.645446897643238,283.0,48
1544,5.645552899092023,283.03,1
1545,5.648974238161206,284.0,49
1546,5.652489180268651,285.0,94
1547,5.655991810819852,286.0,66
1548,5.65895943104788,286.85,2
1549,5.659482215759621,287.0,110
1550,5.6598305871270185,287.1,2
1551,5.659865417589745,287.11,2
1552,5.662960480135946,288.0,125
1553,5.666426688112432,289.0,72
1554,5.6674642119820895,289.3,1
1555,5.669191029886582,289.8,1
1556,5.66922553584749,289.81,1
1557,5.66988092298052,290.0,236
1558,5.673323267171493,291.0,20
1559,5.674593937191527,291.37,1
1560,5.676753802268282,292.0,45
1561,5.678020123432761,292.37,1
1562,5.678225321791894,292.43,1
1563,5.67873813354994,292.58,1
1564,5.680172609017068,293.0,44
1565,5.681025487533585,293.25,1
1566,5.683579767338681,294.0,50
1567,5.68697535633982,295.0,50
1568,5.69035945432406,296.0,42
1569,5.6937321388027,297.0,37
1570,5.697093486505405,298.0,75
1571,5.697898531497226,298.24,1
1572,5.699439725222064,298.7,1
1573,5.700443573390687,299.0,28
1574,5.700477017647475,299.01,1
1575,5.703782474656201,300.0,682
1576,5.707110264748875,301.0,46
1577,5.71042701737487,302.0,35
1578,5.713732805509369,303.0,64
1579,5.71600744427877,303.69,1
1580,5.717027701406222,304.0,44
1581,5.720311776607412,305.0,57
1582,5.723585101952381,306.0,55
1583,5.724891437866436,306.4,1
1584,5.726847747587197,307.0,75
1585,5.727205989599789,307.11,1
1586,5.727596652755456,307.23,1
1587,5.730099782973574,308.0,112
1588,5.731332788743207,308.38,4
1589,5.731494913222737,308.43,1
1590,5.7329528519559805,308.88,1
1591,5.733341276897746,309.0,26
1592,5.736572297479192,310.0,126
1593,5.739792912179234,311.0,38
1594,5.7430031878094825,312.0,39
1595,5.746203190540153,313.0,27
1596,5.7477993600729755,313.5,1
1597,5.7481182884762525,313.6,1
1598,5.749392985908253,314.0,45
1599,5.752128095586483,314.86,1
1600,5.752572638825633,315.0,71
1601,5.755742213586912,316.0,32
1602,5.757323241584231,316.5,1
1603,5.75890177387728,317.0,67
1604,5.759217181544302,317.1,1
1605,5.762051382780177,318.0,53
1606,5.763716662099238,318.53,1
1607,5.765191102784844,319.0,22
1608,5.767383056065796,319.7,1
1609,5.768320995793772,320.0,387
1610,5.769913477122026,320.51,1
1611,5.771441123130016,321.0,23
1612,5.772686453303412,321.4,1
1613,5.773121952734814,321.54,1
1614,5.774147737316764,321.87,2
1615,5.774396253984192,321.95,1
1616,5.7745515455444085,322.0,32
1617,5.777652323222656,323.0,35
1618,5.780743515792329,324.0,49
1619,5.783825182329737,325.0,123
1620,5.786068817343426,325.73,1
1621,5.786222306929459,325.78,1
1622,5.786897381366708,326.0,130
1623,5.7899601708972535,327.0,15
1624,5.793013608384144,328.0,33
1625,5.794993354709585,328.65,1
1626,5.795723348354558,328.89,2
1627,5.796057750765372,329.0,12
1628,5.799092654460526,330.0,221
1629,5.801937090063698,330.94,1
1630,5.802118375377063,331.0,15
1631,5.804140498691236,331.67,2
1632,5.805134968916488,332.0,35
1633,5.80772198115858,332.86,1
1634,5.808142489980444,333.0,30
1635,5.811140992976701,334.0,27
1636,5.814130531825066,335.0,45
1637,5.814727368607928,335.2,2
1638,5.817111159963204,336.0,47
1639,5.818984404344884,336.63,1
1640,5.820082930352362,337.0,12
1641,5.823045895483019,338.0,24
1642,5.82600010738045,339.0,16
1643,5.8289456176102075,340.0,140
1644,5.829445492651858,340.17,1
1645,5.831882477283517,341.0,24
1646,5.834810737062605,342.0,18
1647,5.8377304471659395,343.0,49
1648,5.839827372445022,343.72,1
1649,5.840641657373398,344.0,24
1650,5.84354441703136,345.0,65
1651,5.846438775057725,346.0,36
1652,5.849324779946859,347.0,18
1653,5.851455074099643,347.74,1
1654,5.8522024797744745,348.0,41
1655,5.8546133643587845,348.84,2
1656,5.855071922202427,349.0,14
1657,5.857933154483459,350.0,295
1658,5.859246577280273,350.46,1
1659,5.860786223465865,351.0,19
1660,5.863631175598097,352.0,33
1661,5.86564618954776,352.71,2
1662,5.8664680569332965,353.0,51
1663,5.8673175543650995,353.3,1
1664,5.869296913133774,354.0,49
1665,5.870426218730926,354.4,1
1666,5.872117789475416,355.0,82
1667,5.874368775231734,355.8,1
1668,5.87493073085203,356.0,29
1669,5.877735781779639,357.0,30
1670,5.8805329864007,358.0,22
1671,5.883322388488279,359.0,8
1672,5.886104031450156,360.0,236
1673,5.8888779583328805,361.0,16
1674,5.8916442118257715,362.0,29
1675,5.8944028342648505,363.0,65
1676,5.89467827842029,363.1,4
1677,5.8971538676367405,364.0,21
1678,5.8998973535824915,365.0,46
1679,5.902633333401366,366.0,22
1680,5.905361848054571,367.0,16
1681,5.908082938168931,368.0,18
1682,5.909684915187837,368.59,2
1683,5.910796644040527,369.0,22
1684,5.91350300563827,370.0,131
1685,5.915905522686946,370.89,1
1686,5.916202062607435,371.0,34
1687,5.91628292187193,371.03,1
1688,5.918893854273146,372.0,54
1689,5.921578419643816,373.0,11
1690,5.924255797414532,374.0,16
1691,5.925618504870468,374.51,1
1692,5.926045638543103,374.67,1
1693,5.926926025970411,375.0,78
1694,5.929589143389895,376.0,12
1695,5.932245187448011,377.0,5
1696,5.934894195619588,378.0,41
1697,5.937536205082426,379.0,5
1698,5.940171252720432,380.0,184
1699,5.942799375126701,381.0,16
1700,5.94521116259052,381.92,2
1701,5.945420608606575,382.0,26
1702,5.946205640702368,382.3,1
1703,5.948034989180646,383.0,14
1704,5.950642552587727,384.0,25
1705,5.953243334287785,385.0,34
1706,5.955656005869189,385.93,1
1707,5.955837369464831,386.0,29
1708,5.958424693029782,387.0,39
1709,5.9588638730619,387.17,1
1710,5.961005339623274,388.0,20
1711,5.963579343618446,389.0,13
1712,5.966146739123692,390.0,90
1713,5.968707559985366,391.0,13
1714,5.971261839790462,392.0,32
1715,5.973809611869261,393.0,21
1716,5.974903161308757,393.43,1
1717,5.976350909297934,394.0,15
1718,5.978885764901122,395.0,26
1719,5.981414211254481,396.0,52
1720,5.982928216085695,396.6,1
1721,5.9830542797480115,396.65,2
1722,5.983432375410718,396.8,1
1723,5.983936280687191,397.0,15
1724,5.986452005284438,398.0,24
1725,5.988961416889864,399.0,15
1726,5.990213765206329,399.5,1
1727,5.991464547107982,400.0,283
1728,5.993961427306569,401.0,9
1729,5.996452088619021,402.0,20
1730,5.998936561946683,403.0,25
1731,6.0014148779611505,404.0,31
1732,6.003887067106539,405.0,24
1733,6.0063531596017325,406.0,33
1734,6.008813185442595,407.0,15
1735,6.0112671744041615,408.0,19
1736,6.013715156042802,409.0,11
1737,6.016157159698354,410.0,35
1738,6.018593214496234,411.0,16
1739,6.021023349349527,412.0,21
1740,6.023447592961033,413.0,12
1741,6.025865973825314,414.0,19
1742,6.028278520230698,415.0,28
1743,6.029482614295503,415.5,1
1744,6.030685260261263,416.0,19
1745,6.0330862217988015,417.0,25
1746,6.0334218968684885,417.14,2
1747,6.035481432524756,418.0,11
1748,6.037870919922137,419.0,1
1749,6.040254711277414,420.0,122
1750,6.042632833682381,421.0,4
1751,6.045005314036012,422.0,13
1752,6.0473721790462776,423.0,15
1753,6.049733455231958,424.0,16
1754,6.052089168924417,425.0,26
1755,6.054439346269371,426.0,13
1756,6.054908719664517,426.2,1
1757,6.056784013228625,427.0,8
1758,6.059123195581797,428.0,6
1759,6.061456918928017,429.0,16
1760,6.063785208687608,430.0,72
1761,6.066108090103747,431.0,1
1762,6.068425588244111,432.0,22
1763,6.07073772800249,433.0,7
1764,6.073044534100405,434.0,1
1765,6.075346031088684,435.0,29
1766,6.077642243349034,436.0,21
1767,6.07993319509559,437.0,5
1768,6.082218910376446,438.0,15
1769,6.0844994130751715,439.0,1
1770,6.0867747269123065,440.0,65
1771,6.089044875446846,441.0,8
1772,6.090630918602481,441.7,1
1773,6.091309882077698,442.0,13
1774,6.09262123906772,442.58,1
1775,6.093569770045136,443.0,3
1776,6.095824562432225,444.0,4
1777,6.09807428216624,445.0,14
1778,6.100318952020064,446.0,15
1779,6.102558594613569,447.0,6
1780,6.104793232414985,448.0,5
1781,6.1070228877422545,449.0,4
1782,6.1092475827643655,450.0,165
1783,6.111467339502679,451.0,1
1784,6.113682179832232,452.0,6
1785,6.115892125483034,453.0,2
1786,6.118097198041348,454.0,13
1787,6.12029741895095,455.0,10
1788,6.1224928095143865,456.0,10
1789,6.124683390894205,457.0,11
1790,6.126869184114185,458.0,35
1791,6.128309194835826,458.66,1
1792,6.129050210060545,459.0,6
1793,6.131226489483141,460.0,55
1794,6.13216083545466,460.43,2
1795,6.133398042996649,461.0,4
1796,6.133940195354737,461.25,2
1797,6.135564891081739,462.0,4
1798,6.137727054086234,463.0,2
1799,6.139884552226255,464.0,43
1800,6.142037405587356,465.0,19
1801,6.144185634125646,466.0,1
1802,6.1463292576688975,467.0,8
1803,6.148468295917647,468.0,8
1804,6.150602768446279,469.0,5
1805,6.152732694704104,470.0,31
1806,6.154858094016418,471.0,4
1807,6.156978985585555,472.0,6
1808,6.159095388491933,473.0,5
1809,6.161207321695077,474.0,12
1810,6.163314804034641,475.0,21
1811,6.16541785423142,476.0,7
1812,6.1675164908883415,477.0,3
1813,6.167809948873552,477.14,1
1814,6.169610732491456,478.0,2
1815,6.171700597410915,479.0,8
1816,6.173786103901937,480.0,89
1817,6.175867270105761,481.0,2
1818,6.1779441140506,482.0,1
1819,6.180016653652572,483.0,7
1820,6.182084906716632,484.0,3
1821,6.184148890937483,485.0,10
1822,6.186208623900494,486.0,13
1823,6.18826412308259,487.0,10
1824,6.1903154058531475,488.0,3
1825,6.192362489474872,489.0,5
1826,6.192791845141295,489.21,1
1827,6.194405391104672,490.0,25
1828,6.19644412779452,491.0,17
1829,6.198478716492308,492.0,2
1830,6.199717785926996,492.61,1
1831,6.202535517187923,494.0,5
1832,6.20455776256869,495.0,22
1833,6.206575926724928,496.0,3
1834,6.208590026096629,497.0,5
1835,6.210600077024653,498.0,4
1836,6.212185165489438,498.79,1
1837,6.214608098422191,500.0,150
1838,6.2166061010848646,501.0,1
1839,6.218600119691729,502.0,2
1840,6.220590170099739,503.0,3
1841,6.222576268071369,504.0,16
1842,6.22455842927536,505.0,4
1843,6.226536669287466,506.0,4
1844,6.2285110035911835,507.0,5
1845,6.230481447578482,508.0,3
1846,6.2324480165505225,509.0,3
1847,6.234410725718371,510.0,24
1848,6.236369590203704,511.0,3
1849,6.238324625039508,512.0,3
1850,6.240275845170769,513.0,1
1851,6.2422232654551655,514.0,6
1852,6.244166900663736,515.0,23
1853,6.246106765481563,516.0,13
1854,6.248042874508429,517.0,2
1855,6.251903883165888,519.0,31
1856,6.253828811575473,520.0,30
1857,6.255750041753367,521.0,4
1858,6.257667587882639,522.0,3
1859,6.259581464064923,523.0,7
1860,6.261491684321042,524.0,2
1861,6.263398262591624,525.0,9
1862,6.26530121273771,526.0,8
1863,6.267200548541362,527.0,7
1864,6.269096283706261,528.0,6
1865,6.270988431858299,529.0,1
1866,6.272877006546167,530.0,27
1867,6.2766434893416445,532.0,1
1868,6.278521424165844,533.0,3
1869,6.280395838960195,534.0,7
1870,6.282266746896006,535.0,7
1871,6.284134161070802,536.0,4
1872,6.285998094508865,537.0,3
1873,6.2878585601617845,538.0,2
1874,6.289715570908998,539.0,1
1875,6.29156913955832,540.0,22
1876,6.293419278846481,541.0,1
1877,6.295266001439646,542.0,2
1878,6.298949246855942,544.0,3
1879,6.300785794663244,545.0,10
1880,6.302618975744905,546.0,5
1881,6.304448802421981,547.0,5
1882,6.3080984415095305,549.0,2
1883,6.309918278226516,550.0,80
1884,6.313548046277095,552.0,2
1885,6.315358001522335,553.0,3
1886,6.317164686747284,554.0,4
1887,6.318968113746434,555.0,15
1888,6.320768294250582,556.0,1
1889,6.324358962381311,558.0,1
1890,6.326149473155099,559.0,3
1891,6.327936783729195,560.0,21
1892,6.329720905522696,561.0,6
1893,6.331501849893691,562.0,1
1894,6.333279628139691,563.0,3
1895,6.335054251498059,564.0,1
1896,6.336825731146441,565.0,3
1897,6.340359303727752,567.0,1
1898,6.342121418721152,568.0,5
1899,6.343880434126331,569.0,2
1900,6.345636360828596,570.0,20
1901,6.346232674226486,570.34,1
1902,6.3473892096560105,571.0,4
1903,6.349138991379798,572.0,4
1904,6.352629396319567,574.0,18
1905,6.354370040797351,575.0,8
1906,6.3561076606958915,576.0,5
1907,6.3578422665081,577.0,3
1908,6.359573868672378,578.0,2
1909,6.363028103540465,580.0,19
1910,6.364750756851911,581.0,3
1911,6.366470447731438,582.0,3
1912,6.368187186350492,583.0,4
1913,6.369900982828227,584.0,4
1914,6.371611847231857,585.0,15
1915,6.373319789577012,586.0,2
1916,6.375024819828097,587.0,1
1917,6.376726947898627,588.0,3
1918,6.3784261836515865,589.0,5
1919,6.380122536899765,590.0,7
1920,6.3818160174060985,591.0,2
1921,6.3835066348840055,592.0,2
1922,6.385194398997726,593.0,3
1923,6.386879319362645,594.0,1
1924,6.39024066706535,596.0,2
1925,6.391917113392602,597.0,7
1926,6.395261598115449,599.0,2
1927,6.396929655216146,600.0,90
1928,6.398594934535208,601.0,2
1929,6.400257445308821,602.0,1
1930,6.401917196727186,603.0,1
1931,6.403574197934815,604.0,1
1932,6.406879986069314,606.0,1
1933,6.408528791059498,607.0,2
1934,6.410174881966167,608.0,3
1935,6.411818267709897,609.0,3
1936,6.413458957167357,610.0,6
1937,6.415096959171596,611.0,1
1938,6.416732282512326,612.0,6
1939,6.419994928147142,614.0,1
1940,6.424869023905388,617.0,1
1941,6.42648845745769,618.0,2
1942,6.428105272684596,619.0,3
1943,6.429719478039138,620.0,24
1944,6.431331081933479,621.0,1
1945,6.432940092739179,622.0,2
1946,6.434546518787453,623.0,1
1947,6.436150368369428,624.0,3
1948,6.437751649736401,625.0,3
1949,6.439350371100098,626.0,4
1950,6.440946540632921,627.0,1
1951,6.4425401664681985,628.0,3
1952,6.444131256700441,629.0,1
1953,6.4457198193855785,630.0,8
1954,6.447305862541213,631.0,1
1955,6.450470422144176,633.0,1
1956,6.452048954437226,634.0,1
1957,6.453624998892692,635.0,2
1958,6.456769655572163,637.0,2
1959,6.45833828334479,638.0,2
1960,6.459904454377535,639.0,2
1961,6.461468176353717,640.0,15
1962,6.46302945692067,641.0,2
1963,6.464588303689961,642.0,3
1964,6.466144724237619,643.0,1
1965,6.467698726104354,644.0,3
1966,6.4692503167957724,645.0,2
1967,6.472346294500901,647.0,4
1968,6.473890696352274,648.0,3
1969,6.47543271670409,649.0,2
1970,6.476972362889683,650.0,29
1971,6.481577129276431,653.0,3
1972,6.486160788944089,656.0,1
1973,6.486602764429265,656.29,2
1974,6.489204931325317,658.0,1
1975,6.492239835020471,660.0,9
1976,6.493753839851686,661.0,4
1977,6.498282149476434,664.0,5
1978,6.504288173536645,668.0,1
1979,6.507277712385012,670.0,3
1980,6.51025834052315,672.0,1
1981,6.513230110912307,674.0,1
1982,6.51471269087253,675.0,1
1983,6.516193076042964,676.0,2
1984,6.519147287940395,678.0,6
1985,6.522092798170152,680.0,11
1986,6.525029657843462,682.0,3
1987,6.530877627725885,686.0,3
1988,6.532334292222349,687.0,2
1989,6.536691597591305,690.0,12
1990,6.539585955617669,692.0,1
1991,6.541029999189903,693.0,1
1992,6.542471960506805,694.0,3
1993,6.546785410760524,697.0,1
1994,6.551080335043404,700.0,28
1995,6.556778356158042,704.0,1
1996,6.559615237493242,706.0,1
1997,6.561030665896573,707.0,2
1998,6.565264970035361,710.0,1
1999,6.568077911411976,712.0,1
2000,6.569481420414296,713.0,1
2001,6.570882962339584,714.0,2
2002,6.5722825426940075,715.0,1
2003,6.576469569048224,718.0,2
2004,6.579251212010101,720.0,13
2005,6.580639137284949,721.0,3
2006,6.582025138892826,722.0,2
2007,6.583409222158765,723.0,6
2008,6.590301048196686,728.0,3
2009,6.593044534142437,730.0,4
2010,6.595780513961311,732.0,2
2011,6.602587892189336,737.0,1
2012,6.6052979209482015,739.0,1
2013,6.606650186198215,740.0,5
2014,6.608000625296087,741.0,2
2015,6.612041034833092,744.0,2
2016,6.61472560020376,746.0,1
2017,6.616065185132817,747.0,1
2018,6.620073206530356,750.0,20
2019,6.621405651764134,751.0,1
2020,6.62273632394984,752.0,1
2021,6.6240652277998935,753.0,2
2022,6.625392368007956,754.0,1
2023,6.628041376179533,756.0,3
2024,6.630683385642372,758.0,5
2025,6.633318433280377,760.0,7
2026,6.635946555686647,762.0,1
2027,6.638567789166521,764.0,1
2028,6.641182169740591,766.0,1
2029,6.642486801367256,767.0,1
2030,6.645090969505644,769.0,2
2031,6.650279048587422,773.0,1
2032,6.654152520183219,776.0,1
2033,6.655440350367647,777.0,2
2034,6.658011045870748,779.0,2
2035,6.659293919683638,780.0,6
2036,6.673297967767654,791.0,1
2037,6.678342114654332,795.0,1
2038,6.679599185844383,796.0,1
2039,6.682108597449809,798.0,1
2040,6.683360945766275,799.0,2
2041,6.684611727667927,800.0,49
2042,6.68586094706836,801.0,1
2043,6.692083742506628,806.0,2
2044,6.694562058521095,808.0,2
2045,6.697034247666484,810.0,3
2046,6.703188113240863,815.0,2
2047,6.706862336602747,818.0,1
2048,6.70808408385307,819.0,2
2049,6.709304340258298,820.0,2
2050,6.715383386334681,825.0,1
2051,6.720220155135295,829.0,1
2052,6.725033642166843,833.0,1
2053,6.727431724850855,835.0,1
2054,6.733401891837359,840.0,2
2055,6.738152494595957,844.0,1
2056,6.745236349484363,850.0,7
2057,6.748759547491679,853.0,1
2058,6.75343791859778,857.0,1
2059,6.756932389247553,860.0,2
2060,6.761572768804055,864.0,1
2061,6.763884908562435,866.0,1
2062,6.7650389767805414,867.0,1
2063,6.76849321164863,870.0,1
2064,6.769641976852503,871.0,1
2065,6.773080375655535,874.0,1
2066,6.774223886357614,875.0,2
2067,6.775366090936392,876.0,2
2068,6.78105762593618,881.0,1
2069,6.7912214627261855,890.0,2
2070,6.79794041297493,896.0,1
2071,6.802394763324311,900.0,13
2072,6.804614520062624,902.0,1
2073,6.807934943699926,905.0,2
2074,6.811244378601294,908.0,1
2075,6.818924065275521,915.0,1
2076,6.821107472256465,917.0,1
2077,6.824373670043086,920.0,2
2078,6.828712071641684,924.0,1
2079,6.835184586147301,930.0,1
2080,6.848005274576363,942.0,1
2081,6.856461984594587,950.0,5
2082,6.858565034791365,952.0,1
2083,6.862757913051401,956.0,2
2084,6.86484777797086,958.0,1
2085,6.866933284461882,960.0,1
2086,6.877296071497429,970.0,3
2087,6.882437470997847,975.0,1
2088,6.887552571664617,980.0,1
2089,6.894670039433482,987.0,1
2090,6.901737206656574,994.0,1
2091,6.907755278982137,1000.0,10
2092,6.90975328164481,1002.0,1
2093,6.918695219020472,1011.0,1
2094,6.937314081223682,1030.0,3
2095,6.948897222313312,1042.0,3
2096,6.949856455000773,1043.0,1
2097,6.956545443151569,1050.0,2
2098,6.959398512133975,1053.0,2
2099,6.9650803456014065,1059.0,1
2100,6.9782137426306985,1073.0,1
2101,6.984716320118266,1080.0,3
2102,6.9865664594064265,1082.0,2
2103,7.003065458786462,1100.0,8
2104,7.004881989712859,1102.0,1
2105,7.01301578963963,1111.0,2
2106,7.024649030453636,1124.0,2
2107,7.026426808699636,1126.0,2
2108,7.033506484287697,1134.0,1
2109,7.046647277848756,1149.0,1
2110,7.047517221357296,1150.0,3
2111,7.057897937411856,1162.0,1
2112,7.059617628291383,1164.0,1
2113,7.0630481633881725,1168.0,2
2114,7.064759027791802,1170.0,2
2115,7.067319848653476,1173.0,1
2116,7.077498053569231,1185.0,1
2117,7.090076835776092,1200.0,3
2118,7.106606137727303,1220.0,1
2119,7.111512116496157,1226.0,1
2120,7.1204443723924875,1237.0,1
2121,7.1308988302963465,1250.0,2
2122,7.138866999945524,1260.0,1
2123,7.143617602704121,1266.0,1
2124,7.181591944611865,1315.0,1
2125,7.1853870155804165,1320.0,1
2126,7.203405521083095,1344.0,2
2127,7.2078598714324755,1350.0,3
2128,7.21890970761906,1365.0,1
2129,7.221105098182496,1368.0,1
2130,7.231287004327616,1382.0,1
2131,7.24422751560335,1400.0,2
2132,7.249925536717988,1408.0,1
2133,7.262628600974241,1426.0,1
2134,7.265429723253953,1430.0,1
2135,7.272398392570047,1440.0,2
2136,7.27931883541462,1450.0,1
2137,7.280008252884188,1451.0,1
2138,7.293697720601438,1471.0,2
2139,7.313220387090301,1500.0,5
2140,7.315883504509785,1504.0,1
2141,7.326465613840322,1520.0,1
2142,7.344719054149673,1548.0,1
2143,7.347299700743164,1552.0,1
2144,7.352441100243583,1560.0,1
2145,7.358193752733032,1569.0,1
2146,7.362645270417825,1576.0,1
2147,7.365180126021013,1580.0,1
2148,7.377133712833954,1599.0,1
2149,7.3777589082278725,1600.0,7
2150,7.408530566894626,1650.0,2
2151,7.432483807917119,1690.0,1
2152,7.438383530044307,1700.0,3
2153,7.4673710669175595,1750.0,1
2154,7.475905969367397,1765.0,1
2155,7.484368643286131,1780.0,1
2156,7.495541943884256,1800.0,3
2157,7.504942068396171,1817.0,1
2158,7.524021415206125,1852.0,2
2159,7.534228326274089,1871.0,1
2160,7.542213463193403,1886.0,1
2161,7.57353126274595,1946.0,1
2162,7.5883236773352225,1975.0,1
2163,7.594381242551817,1987.0,2
2164,7.597396320212795,1993.0,2
2165,7.600902459542082,2000.0,1
2166,7.615298339825815,2029.0,1
2167,7.6255950721324535,2050.0,4
2168,7.67786350067821,2160.0,1
2169,7.679251425953058,2163.0,1
2170,7.720461694599722,2254.0,1
2171,7.783224016336037,2400.0,2
2172,7.791109510610028,2419.0,1
2173,7.824046010856292,2500.0,2
2174,7.8632667240095735,2600.0,1
2175,7.899153483343097,2695.0,1
2176,7.908387159290043,2720.0,1
2177,7.91862865334224,2748.0,1
2178,7.939871576361883,2807.0,2
2179,7.9603236291488395,2865.0,1
2180,7.962763930168115,2872.0,1
2181,7.989560449333865,2950.0,1
2182,8.006367567650246,3000.0,3
2183,8.070906088787819,3200.0,3
2184,8.102889134640868,3304.0,1
2185,8.11162807830774,3333.0,1
2186,8.122074375362217,3368.0,1
2187,8.201385955238608,3646.0,1
2188,8.212025804623437,3685.0,1
2189,8.268731832117737,3900.0,1
2190,8.275885669474356,3928.0,1
2191,8.281470857895167,3950.0,1
2192,8.285008895449879,3964.0,1
2193,8.294049640102028,4000.0,1
2194,8.306472160100585,4050.0,2
2195,8.366370301681654,4300.0,1
2196,8.38022733634308,4360.0,2
2197,8.411165786770708,4497.0,2
2198,8.41847721847708,4530.0,1
2199,8.419800845407588,4536.0,4
2200,8.451053388911692,4680.0,1
2201,8.451694209183541,4683.0,1
2202,8.47261414801827,4782.0,1
2203,8.482187582217422,4828.0,1
2204,8.48632152774915,4848.0,1
2205,8.491259809389733,4872.0,2
2206,8.496990484098719,4900.0,1
2207,8.502891406705377,4929.0,1
2208,8.52377150677636,5033.0,1
2209,8.556413904569519,5200.0,1
2210,8.559677803022392,5217.0,1
2211,8.560444233410552,5221.0,2
2212,8.563504094279487,5237.0,1
2213,8.58260632996447,5338.0,1
2214,8.584477938221834,5348.0,1
2215,8.600798775271034,5436.0,1
2216,8.606851063346772,5469.0,1
2217,8.6164953924901,5522.0,1
2218,8.656955133791396,5750.0,1
2219,8.663887570567042,5790.0,1
2220,8.679482094459956,5881.0,1
2221,8.688116703257823,5932.0,1
2222,8.707813551024888,6050.0,1
2223,8.712101863715663,6076.0,1
2224,8.720134035412928,6125.0,1
2225,8.728102205062104,6174.0,4
2226,8.753055515138222,6330.0,1
2227,8.758412389457677,6364.0,1
2228,8.808518618782816,6691.0,1
2229,8.82776136765472,6821.0,1
2230,8.841158975945264,6913.0,2
2231,8.846065190692881,6947.0,1
2232,8.85366542803745,7000.0,1
2233,8.854379458771108,7005.0,1
2234,8.890685920281129,7264.0,1
2235,8.89918494333876,7326.0,1
2236,8.915969311373605,7450.0,1
2237,8.916640227198839,7455.0,1
2238,8.919586920999915,7477.0,1
2239,8.922658299524402,7500.0,1
2240,8.935903526274423,7600.0,1
2241,8.939449862164238,7627.0,1
2242,8.94324493313279,7656.0,1
2243,8.944419791305915,7665.0,1
2244,8.946374826141717,7680.0,1
2245,8.960339366492091,7788.0,1
2246,8.960724500330858,7791.0,1
2247,8.963800242855577,7815.0,1
2248,8.985820874482043,7989.0,1
2249,8.998384010052538,8090.0,2
2250,9.031572493381526,8363.0,1
2251,9.059401196410896,8599.0,1
2252,9.06009870864564,8605.0,4
2253,9.061027968789174,8613.0,1
2254,9.069928218259438,8690.0,1
2255,9.073603848402712,8722.0,1
2256,9.084436955087027,8817.0,1
2257,9.150165648940114,9416.0,1
2258,9.17367638760459,9640.0,1
2259,9.18574025510795,9757.0,1
2260,9.197153810172008,9869.0,1
2261,9.210340371976184,10000.0,1
2262,9.215725844252521,10054.0,1
2263,9.22601685136119,10158.0,1
2264,9.25378292981902,10444.0,1
2265,9.264828557260252,10560.0,1
2266,9.321165927065067,11172.0,1
2267,9.3615151997733,11632.0,1
2268,9.381937965407161,11872.0,1
2269,9.392661928770137,12000.0,1
2270,9.405084448768694,12150.0,1
2271,9.42100640177928,12345.0,1
2272,9.482502632769927,13128.0,1
2273,9.542445945729886,13939.0,1
2274,9.593900644696298,14675.0,1
2275,9.604609707323613,14833.0,1
2276,9.629050706834368,15200.0,1
2277,9.666498594399865,15780.0,1
2278,9.819834167538875,18395.0,3
2279,9.85166780380633,18990.0,2
2280,9.875602349046593,19450.0,1
2281,9.927155249836312,20479.0,1
2282,9.94270826568941,20800.0,1
2283,10.059850070159987,23385.0,1
2284,10.172139699081104,26164.0,2
2285,10.178122378638475,26321.0,1
2286,10.178236349576009,26324.0,3
2287,10.212184752202996,27233.0,1
2288,10.21284549666577,27251.0,1
2289,10.355422675029144,31427.0,1
2290,10.373491181781864,32000.0,1
2291,10.399920091014481,32857.0,2
2292,10.596634733096073,40000.0,3
2293,10.615063868564441,40744.0,1
2294,10.629561643296354,41339.0,2
2295,10.680493228306789,43499.0,1
2296,10.714684399869888,45012.0,1
2297,10.736396675471232,46000.0,2
2298,10.799575577092764,49000.0,1
2299,10.87804719253426,53000.0,1
2300,10.915088464214607,55000.0,1
2301,10.933106969717286,56000.0,1
2302,10.975482043299946,58424.0,1
2303,11.082142548877775,65000.0,2
2304,11.132440732922605,68353.0,1
2305,11.184421397998193,72000.0,1
2306,11.302204433654575,81000.0,2
2307,11.302759834946276,81045.0,1
2308,11.322793486084297,82685.0,1
2309,11.49272275765271,98000.0,1
2310,11.7236400962654,123456.0,3
2311,11.744037185933616,126000.0,1
2312,11.813030057420567,135000.0,1
2313,11.855095722706078,140800.0,1
2314,12.025749091398891,167000.0,2
2315,12.206072645530174,200000.0,1
2316,12.514780861183073,272333.0,1
2317,12.611537753638338,300000.0,1
2318,12.628335871914219,305082.0,1
2319,12.73029808935918,337830.0,1
2320,13.122363377404328,500000.0,1
2321,13.592367006650065,800000.0,1
2322,13.920870973622096,1111111.0,2
2323,16.223456156616145,11111111.0,1
2324,18.683045008419857,130000000.0,1
